Date,Weight (in grams),Leader,Region,TPQ,Hoard Name,Hegira Date,Hegira TPQ,Dynasty
892-907,,Ism?c?l ibn A?mad,Eastern Europe,935/36,KIEV II ,279,324,Samanid
892/93,,Ism?c?l ibn A?mad,Denmark,960,TERSLEV ,279,349,Samanid
898/99,,Ism?c?l ibn A?mad,Eastern Europe,935/36,KRYLOS ,285,324,Samanid
899,,Ism?c?l ibn A?mad,Poland,1024,BIERZG£O,286,415,Samanid
900,,Ism?c?l ibn A?mad,Eastern Europe,935/36,KRYLOS ,287,324,Samanid
902/03,,Ism?c?l ibn A?mad,Sweden,944/45,GANNAR,290,333,Samanid
902/03,2.65,Ism?c?l ibn A?mad,Sweden,944/45,GANNAR,290,333,Samanid
902/03,3.12,Ism?c?l ibn A?mad,Southeast Baltic,979,KEHRA,290,369,Samanid
902/03,3.08,Ism?c?l ibn A?mad,Southeast Baltic,979,KEHRA,290,369,Samanid
902/03,,Ism?c?l ibn A?mad,Denmark,960,TERSLEV ,290,349,Samanid
904/05,,Ism?c?l ibn A?mad,Denmark,960,TERSLEV ,292,349,Samanid
905/06,,Ism?c?l ibn A?mad,Eastern Europe,951/52,BEREZA,293,340,Samanid
905/06,3.04,Ism?c?l ibn A?mad,Sweden,961/62,BJÄRS/BJE,293,350,Samanid
905/06,,Ism?c?l ibn A?mad,Sweden,961/62,BJÄRS/BJE,293,350,Samanid
905/06,,Ism?c?l ibn A?mad,Eastern Europe,919/20,BOGDAN,293,307,Samanid
905/06,,Ism?c?l ibn A?mad,Sweden,973,BOTES/BO,293,363,Samanid
905/06,,Ism?c?l ibn A?mad,Sweden,924/25,BRÄCKE,293,312,Samanid
905/06,3.16,Ism?c?l ibn A?mad,Sweden,955/56,BURGE ,293,344,Samanid
905/06,,Ism?c?l ibn A?mad,Near East,940/41,F RS PROV,293,329,Samanid
905/06,,Ism?c?l ibn A?mad,Sweden,953,FILBORNA,293,342,Samanid
905/06,3.08,Ism?c?l ibn A?mad,Sweden,944/45,GANNAR,293,333,Samanid
905/06,3,Ism?c?l ibn A?mad,Norway,921/22,GRIMESTA,293,309,Samanid
905/06,,Ism?c?l ibn A?mad,Denmark,942/43,GRISEBJER,293,331,Samanid
905/06,,Ism?c?l ibn A?mad,Denmark,942/43,GRISEBJER,293,331,Samanid
905/06,,Ism?c?l ibn A?mad,Denmark,942/43,GRISEBJER,293,331,Samanid
905/06,3.22,Ism?c?l ibn A?mad,Sweden,934/35,HÄFFINDS,293,323,Samanid
905/06,3.14,Ism?c?l ibn A?mad,Sweden,957/58,HÄFFINDS,293,346,Samanid
905/06,,Ism?c?l ibn A?mad,Sweden,957/58,HÄFFINDS,293,346,Samanid
905/06,2.92,Ism?c?l ibn A?mad,Sweden,991,HÄGVALD,293,381,Samanid
905/06,2.13,Ism?c?l ibn A?mad,Sweden,954/55,HERMING,293,343,Samanid
905/06,,Ism?c?l ibn A?mad,Sweden,1039,KARLS ,293,431,Samanid
905/06,2.84,Ism?c?l ibn A?mad,Southeast Baltic,979,KEHRA,293,369,Samanid
905/06,2.96,Ism?c?l ibn A?mad,Southeast Baltic,979,KEHRA,293,369,Samanid
905/06,3.18,Ism?c?l ibn A?mad,Southeast Baltic,979,KEHRA,293,369,Samanid
905/06,3.33,Ism?c?l ibn A?mad,Southeast Baltic,979,KEHRA,293,369,Samanid
905/06,,Ism?c?l ibn A?mad,Eastern Europe,906/07,KIEV V,293,294,Samanid
905/06,,Ism?c?l ibn A?mad,Eastern Europe,906/07,KIEV V,293,294,Samanid
905/06,3.12,Ism?c?l ibn A?mad,Sweden,994,KVARNE (,293,384,Samanid
905/06,,Ism?c?l ibn A?mad,Eastern Europe,911/12,LETSIKOVSHCHINA,293,299,Samanid
905/06,,Ism?c?l ibn A?mad,Eastern Europe,911/12,LETSIKOVSHCHINA,293,299,Samanid
905/06,,Ism?c?l ibn A?mad,Sweden,973/74,LILLA RON,293,363,Samanid
905/06,,Ism?c?l ibn A?mad,Sweden,973/74,LILLA RON,293,363,Samanid
905/06,,Ism?c?l ibn A?mad,Eastern Europe,925/26,MATVEEV,293,313,Samanid
905/06,,Ism?c?l ibn A?mad,Eastern Europe,939/40,MUROM,293,328,Samanid
905/06,,Ism?c?l ibn A?mad,Eastern Europe,939/40,MUROM,293,328,Samanid
905/06,,Ism?c?l ibn A?mad,Eastern Europe,939/40,MUROM,293,328,Samanid
905/06,,Ism?c?l ibn A?mad,Eastern Europe,939/40,MUROM,293,328,Samanid
905/06,,Ism?c?l ibn A?mad,Eastern Europe,939/40,MUROM,293,328,Samanid
905/06,2.85,Ism?c?l ibn A?mad,Eastern Europe,908/09,NEAR DUB,293,296,Samanid
905/06,,Ism?c?l ibn A?mad,Denmark,924/25,NEBLE ,293,312,Samanid
905/06,,Ism?c?l ibn A?mad,Sweden,946/447,NYSTUGU,293,335,Samanid
905/06,,Ism?c?l ibn A?mad,Sweden,953/54,ÖSTERPLA,293,342,Samanid
905/06,4.5,Ism?c?l ibn A?mad,Sweden,991,ÖSTJÄDR,293,381,Samanid
905/06,2.53,Ism?c?l ibn A?mad,Sweden,991,ÖSTJÄDR,293,381,Samanid
905/06,,Ism?c?l ibn A?mad,Sweden,1042,ÖSTRA BY,293,434,Samanid
905/06,,Ism?c?l ibn A?mad,Sweden,1042,ÖSTRA BY,293,434,Samanid
905/06,,Ism?c?l ibn A?mad,Eastern Europe,913/14,PAL’TSEV,293,301,Samanid
905/06,,Ism?c?l ibn A?mad,Eastern Europe,913/14,PAL’TSEV,293,301,Samanid
905/06,,Ism?c?l ibn A?mad,Eastern Europe,913/14,PAL’TSEV,293,301,Samanid
905/06,,Ism?c?l ibn A?mad,Eastern Europe,913/14,PAL’TSEV,293,301,Samanid
905/06,,Ism?c?l ibn A?mad,Southeast Baltic,1002/03,PEUTH/KL,293,393,Samanid
905/06,3.42,Ism?c?l ibn A?mad,Sweden,953/54,RANGSAR,293,342,Samanid
905/06,3.3,Ism?c?l ibn A?mad,Sweden,953/54,RANGSAR,293,342,Samanid
905/06,3.29,Ism?c?l ibn A?mad,Sweden,953/54,RANGSAR,293,342,Samanid
905/06,,Ism?c?l ibn A?mad,Sweden,953/54,RANGSAR,293,342,Samanid
905/06,,Ism?c?l ibn A?mad,Sweden,920/21,SÄBY,293,308,Samanid
905/06,3.28,Ism?c?l ibn A?mad,Sweden,1053,SIGSARVE ,293,445,Samanid
905/06,3.72,Ism?c?l ibn A?mad,Sweden,1053,SIGSARVE ,293,445,Samanid
905/06,,Ism?c?l ibn A?mad,Sweden,991,SNÄCKAR,293,381,Samanid
905/06,3.39,Ism?c?l ibn A?mad,Near East,917/18,SOMEWH,293,305,Samanid
905/06,3.23,Ism?c?l ibn A?mad,Sweden,936/37,SPILLINGS ,293,325,Samanid
905/06,2.82,Ism?c?l ibn A?mad,Sweden,936/37,SPILLINGS ,293,325,Samanid
905/06,3.02,Ism?c?l ibn A?mad,Sweden,910/11,STORA VE,293,298,Samanid
905/06,2.98,Ism?c?l ibn A?mad,Sweden,910/11,STORA VE,293,298,Samanid
905/06,3.53,Ism?c?l ibn A?mad,Sweden,910/11,STORA VE,293,298,Samanid
905/06,2.52,Ism?c?l ibn A?mad,Sweden,957/58,STORA VE,293,346,Samanid
905/06,,Ism?c?l ibn A?mad,Eastern Europe,911/12,STRUPOV,293,299,Samanid
905/06,,Ism?c?l ibn A?mad,Denmark,960,TERSLEV ,293,349,Samanid
905/06,3.08,Ism?c?l ibn A?mad,Sweden,952/53,TUER ,293,341,Samanid
905/06,,Ism?c?l ibn A?mad,Eastern Europe,950/51,TUROVO ,293,339,Samanid
905/06,,Ism?c?l ibn A?mad,Sweden,943/44,UGGÅRDS,293,332,Samanid
905/06,,Ism?c?l ibn A?mad,Sweden,943/44,UGGÅRDS,293,332,Samanid
905/06,,Ism?c?l ibn A?mad,Sweden,943/44,UGGÅRDS,293,332,Samanid
905/06,,Ism?c?l ibn A?mad,Sweden,940/41,UGGÅRDS ,293,329,Samanid
905/06,,Ism?c?l ibn A?mad,Sweden,1051,UPPVEDA ,293,443,Samanid
905/06,,Ism?c?l ibn A?mad,Sweden,942/43,UTOJE/UT,293,331,Samanid
905/06,,Ism?c?l ibn A?mad,Sweden,942/43,UTOJE/UT,293,331,Samanid
905/06,3.02,Ism?c?l ibn A?mad,Sweden,937/38,VANGES ,293,326,Samanid
905/06,2.25,Ism?c?l ibn A?mad,Sweden,907/08,VIKEN ,293,295,Samanid
905/06,,Ism?c?l ibn A?mad,Sweden,1003,YTLINGS,293,394,Samanid
906/07,2.94,Ism?c?l ibn A?mad,Sweden,946/447,ALVA/LILL,294,335,Samanid
906/07,3,Ism?c?l ibn A?mad,Sweden,940/41,BÅTA ,294,329,Samanid
906/07,,Ism?c?l ibn A?mad,Eastern Europe,944/45,BELORUSS,294,333,Samanid
906/07,,Ism?c?l ibn A?mad,Eastern Europe,919/20,BOGDAN,294,307,Samanid
906/07,,Ism?c?l ibn A?mad,Eastern Europe,919/20,BOGDAN,294,307,Samanid
906/07,,Ism?c?l ibn A?mad,Eastern Europe,919/20,BOGDAN,294,307,Samanid
906/07,3.33,Ism?c?l ibn A?mad,Sweden,912/13,BOTE ,294,300,Samanid
906/07,,Ism?c?l ibn A?mad,Sweden,973,BOTES/BO,294,363,Samanid
906/07,,Ism?c?l ibn A?mad,Sweden,973,BOTES/BO,294,363,Samanid
906/07,2.78,Ism?c?l ibn A?mad,Sweden,972/73,BRYOR ,294,362,Samanid
906/07,2.26,Ism?c?l ibn A?mad,Denmark,946/47,BUDDEGÅ,294,335,Samanid
906/07,3.02,Ism?c?l ibn A?mad,Sweden,955/56,BURGE ,294,344,Samanid
906/07,,Ism?c?l ibn A?mad,Sweden,957/58,EKESKOGS,294,346,Samanid
906/07,,Ism?c?l ibn A?mad,Sweden,957/58,EKESKOGS,294,346,Samanid
906/07,,Ism?c?l ibn A?mad,Sweden,957/58,EKESKOGS,294,346,Samanid
906/07,,Ism?c?l ibn A?mad,Sweden,1029,ENGES (Ä,294,420,Samanid
906/07,,Ism?c?l ibn A?mad,Sweden,1029,ENGES (Ä,294,420,Samanid
906/07,3.25,Ism?c?l ibn A?mad,Sweden,991,FÖLHAGE,294,381,Samanid
906/07,,Ism?c?l ibn A?mad,Sweden,944/45,GANNAR,294,333,Samanid
906/07,,Ism?c?l ibn A?mad,Germany,921/22,GIEKAU/D,294,309,Samanid
906/07,,Ism?c?l ibn A?mad,Eastern Europe,923/24,GNEZDOV,294,311,Samanid
906/07,,Ism?c?l ibn A?mad,Sweden,952/53,GOTLAND ,294,341,Samanid
906/07,,Ism?c?l ibn A?mad,Sweden,953/54,GRÄNE ,294,342,Samanid
906/07,2.83,Ism?c?l ibn A?mad,Denmark,942/43,GRISEBJER,294,331,Samanid
906/07,2.95,Ism?c?l ibn A?mad,Sweden,954/55,GULLARVE,294,343,Samanid
906/07,3,Ism?c?l ibn A?mad,Sweden,934/35,HÄFFINDS,294,323,Samanid
906/07,3.7,Ism?c?l ibn A?mad,Sweden,957/58,HÄFFINDS,294,346,Samanid
906/07,2.87,Ism?c?l ibn A?mad,Sweden,957/58,HÄFFINDS,294,346,Samanid
906/07,3.38,Ism?c?l ibn A?mad,Sweden,991,HÄGVALD,294,381,Samanid
906/07,3.55,Ism?c?l ibn A?mad,Sweden,991,HÄGVALD,294,381,Samanid
906/07,3.1,Ism?c?l ibn A?mad,Sweden,991,HÄGVALD,294,381,Samanid
906/07,,Ism?c?l ibn A?mad,Sweden,932/33,HALVANS ,294,320,Samanid
906/07,,Ism?c?l ibn A?mad,Denmark,942/43,HAMMELE,294,331,Samanid
906/07,2.84,Ism?c?l ibn A?mad,Sweden,1021,HELGE ,294,412,Samanid
906/07,,Ism?c?l ibn A?mad,Southeast Baltic,1014/15,IMMAKÜL,294,405,Samanid
906/07,3.16,Ism?c?l ibn A?mad,Near East,936/37,ISFAHAN ,294,325,Samanid
906/07,3.06,Ism?c?l ibn A?mad,Sweden,937,JUGÄNNE,294,326,Samanid
906/07,,Ism?c?l ibn A?mad,Sweden,1018,KÄNNUN,294,409,Samanid
906/07,3.26,Ism?c?l ibn A?mad,Southeast Baltic,979,KEHRA,294,369,Samanid
906/07,,Ism?c?l ibn A?mad,Southeast Baltic,954/55,KOIGI/KOI,294,343,Samanid
906/07,3.52,Ism?c?l ibn A?mad,Sweden,994,KVARNE (,294,384,Samanid
906/07,3.58,Ism?c?l ibn A?mad,Sweden,994,KVARNE (,294,384,Samanid
906/07,2.5,Ism?c?l ibn A?mad,Sweden,994,KVARNE (,294,384,Samanid
906/07,,Ism?c?l ibn A?mad,Eastern Europe,911/12,LETSIKOVSHCHINA,294,299,Samanid
906/07,,Ism?c?l ibn A?mad,Eastern Europe,911/12,LETSIKOVSHCHINA,294,299,Samanid
906/07,,Ism?c?l ibn A?mad,Eastern Europe,911/12,LETSIKOVSHCHINA,294,299,Samanid
906/07,,Ism?c?l ibn A?mad,Eastern Europe,911/12,LETSIKOVSHCHINA,294,299,Samanid
906/07,,Ism?c?l ibn A?mad,Sweden,973/74,LILLA RON,294,363,Samanid
906/07,2.98,Ism?c?l ibn A?mad,Sweden,957/58,LUNDS ,294,346,Samanid
906/07,,Ism?c?l ibn A?mad,Eastern Europe,914/15,LUZHKI ,294,302,Samanid
906/07,,Ism?c?l ibn A?mad,Sweden,969/70,MANNEG,294,359,Samanid
906/07,,Ism?c?l ibn A?mad,Sweden,969/70,MANNEG,294,359,Samanid
906/07,3.05,Ism?c?l ibn A?mad,Sweden,954/55,MARTILLE ,294,343,Samanid
906/07,3.29,Ism?c?l ibn A?mad,Sweden,954/55,MARTILLE ,294,343,Samanid
906/07,3.08,Ism?c?l ibn A?mad,Eastern Europe,909/10,MEDIEVAL,294,297,Samanid
906/07,,Ism?c?l ibn A?mad,Eastern Europe,939/40,MUROM,294,328,Samanid
906/07,,Ism?c?l ibn A?mad,Eastern Europe,939/40,MUROM,294,328,Samanid
906/07,,Ism?c?l ibn A?mad,Eastern Europe,939/40,MUROM,294,328,Samanid
906/07,,Ism?c?l ibn A?mad,Eastern Europe,939/40,MUROM,294,328,Samanid
906/07,,Ism?c?l ibn A?mad,Southeast Baltic,912/13,N VESSAL,294,300,Samanid
906/07,,Ism?c?l ibn A?mad,Sweden,946/447,NYSTUGU,294,335,Samanid
906/07,,Ism?c?l ibn A?mad,Sweden,946/447,NYSTUGU,294,335,Samanid
906/07,,Ism?c?l ibn A?mad,Sweden,911/12,OCKES ,294,299,Samanid
906/07,3.34,Ism?c?l ibn A?mad,Denmark,910/11,OVER RA,294,298,Samanid
906/07,2.64,Ism?c?l ibn A?mad,Sweden,976/77,ÖVIDE/U,294,366,Samanid
906/07,,Ism?c?l ibn A?mad,Eastern Europe,913/14,PAL’TSEV,294,301,Samanid
906/07,,Ism?c?l ibn A?mad,Southeast Baltic,1009/10,PAUNKÜL,294,400,Samanid
906/07,,Ism?c?l ibn A?mad,Sweden,953/54,PETSARVE,294,342,Samanid
906/07,,Ism?c?l ibn A?mad,Southeast Baltic,940/41,PÕLTSAM,294,329,Samanid
906/07,2.16,Ism?c?l ibn A?mad,Sweden,953/54,RANGSAR,294,342,Samanid
906/07,3.04,Ism?c?l ibn A?mad,Sweden,953/54,RANGSAR,294,342,Samanid
906/07,3.07,Ism?c?l ibn A?mad,Sweden,953/54,RANGSAR,294,342,Samanid
906/07,,Ism?c?l ibn A?mad,Sweden,953/54,RANGSAR,294,342,Samanid
906/07,,Ism?c?l ibn A?mad,Sweden,953/54,RANGSAR,294,342,Samanid
906/07,2.95,Ism?c?l ibn A?mad,Sweden,958/59,RANGSAR,294,347,Samanid
906/07,2.9,Ism?c?l ibn A?mad,Sweden,958/59,RONDARV,294,347,Samanid
906/07,,Ism?c?l ibn A?mad,Sweden,961/62,RUMS ,294,350,Samanid
906/07,,Ism?c?l ibn A?mad,Sweden,961/62,RUMS ,294,350,Samanid
906/07,,Ism?c?l ibn A?mad,Sweden,961/62,RUMS ,294,350,Samanid
906/07,,Ism?c?l ibn A?mad,Southeast Baltic,951/52,SAUE (FRI,294,340,Samanid
906/07,,Ism?c?l ibn A?mad,Southeast Baltic,951/52,SAUE (FRI,294,340,Samanid
906/07,2.92,Ism?c?l ibn A?mad,Sweden,1053,SIGSARVE ,294,445,Samanid
906/07,2.97,Ism?c?l ibn A?mad,Sweden,964/65,SMEDBY ,294,353,Samanid
906/07,3.15,Ism?c?l ibn A?mad,Sweden,951/52,SMISS/SM,294,340,Samanid
906/07,,Ism?c?l ibn A?mad,Sweden,991,SNÄCKAR,294,381,Samanid
906/07,,Ism?c?l ibn A?mad,Sweden,991,SNÄCKAR,294,381,Samanid
906/07,2.93,Ism?c?l ibn A?mad,Denmark,922-27,SOMEWH,294,310,Samanid
906/07,2.71,Ism?c?l ibn A?mad,Sweden,936/37,SPILLINGS ,294,325,Samanid
906/07,3.23,Ism?c?l ibn A?mad,Sweden,936/37,SPILLINGS ,294,325,Samanid
906/07,2.7,Ism?c?l ibn A?mad,Sweden,936/37,SPILLINGS ,294,325,Samanid
906/07,2.98,Ism?c?l ibn A?mad,Eastern Europe,945/46,STARYE K,294,334,Samanid
906/07,2.89,Ism?c?l ibn A?mad,Eastern Europe,978/79,STARYI DE,294,368,Samanid
906/07,3.67,Ism?c?l ibn A?mad,Sweden,954/55,STORA TU,294,343,Samanid
906/07,3.49,Ism?c?l ibn A?mad,Sweden,910/11,STORA VE,294,298,Samanid
906/07,,Ism?c?l ibn A?mad,Denmark,960,TERSLEV ,294,349,Samanid
906/07,,Ism?c?l ibn A?mad,Denmark,960,TERSLEV ,294,349,Samanid
906/07,,Ism?c?l ibn A?mad,Denmark,960,TERSLEV ,294,349,Samanid
906/07,,Ism?c?l ibn A?mad,Sweden,930/31,TRIBERGA ,294,318,Samanid
906/07,,Ism?c?l ibn A?mad,Eastern Europe,953/54,TSIMLIAN,294,342,Samanid
906/07,3.68,Ism?c?l ibn A?mad,Sweden,952/53,TUER ,294,341,Samanid
906/07,3.18,Ism?c?l ibn A?mad,Sweden,952/53,TUER ,294,341,Samanid
906/07,,Ism?c?l ibn A?mad,Sweden,943/44,UGGÅRDS,294,332,Samanid
906/07,,Ism?c?l ibn A?mad,Sweden,943/44,UGGÅRDS,294,332,Samanid
906/07,,Ism?c?l ibn A?mad,Sweden,943/44,UGGÅRDS,294,332,Samanid
906/07,,Ism?c?l ibn A?mad,Sweden,940/41,UGGÅRDS ,294,329,Samanid
906/07,3.07,Ism?c?l ibn A?mad,Sweden,937/38,VANGES ,294,326,Samanid
906/07,,Ism?c?l ibn A?mad,Sweden,991,VIVLINGS,294,381,Samanid
906/07,,,Sweden,972/73,BOTVALD,294,362,
906/07,,,Sweden,991,TIMANS ,294,381,
906/07,,,Sweden,991,TIMANS ,294,381,
906/07,,,Sweden,991,TIMANS ,294,381,
907/08,,A?mad ibn Ism?c?l,Sweden,957/58,BIRKA ,295,346,Samanid
907-913,,A?mad ibn Ism?c?l,Sweden,924/25,BRÄCKE,295,312,Samanid
907/08,2.85,A?mad ibn Ism?c?l,Sweden,1002,DIGERÅKR,295,393,Samanid
907/08,,A?mad ibn Ism?c?l,Sweden,991,FÖLHAGE,295,381,Samanid
907/08,,A?mad ibn Ism?c?l,Sweden,991,FÖLHAGE,295,381,Samanid
907/08,,A?mad ibn Ism?c?l,Sweden,991,FÖLHAGE,295,381,Samanid
907/08,2.84,A?mad ibn Ism?c?l,Sweden,991,HÄGVALD,295,381,Samanid
907/08,,A?mad ibn Ism?c?l,Sweden,991,HÄGVALD,295,381,Samanid
907/08,,A?mad ibn Ism?c?l,Eastern Europe,911/12,LETSIKOVSHCHINA,295,299,Samanid
907/08,,A?mad ibn Ism?c?l,Eastern Europe,914/15,LUZHKI ,295,302,Samanid
907/08,,A?mad ibn Ism?c?l,Eastern Europe,939/40,MUROM,295,328,Samanid
907/08,,A?mad ibn Ism?c?l,Eastern Europe,939/40,MUROM,295,328,Samanid
907/08,2.81,A?mad ibn Ism?c?l,Eastern Europe,908/09,NEAR DUB,295,296,Samanid
907/08,2.71,A?mad ibn Ism?c?l,Sweden,958/59,RONDARV,295,347,Samanid
907/08,2.59,A?mad ibn Ism?c?l,Denmark,919-21,SIGERSLE,295,307,Samanid
907/08,,A?mad ibn Ism?c?l,Sweden,930/31,TRIBERGA ,295,318,Samanid
907/08,,A?mad ibn Ism?c?l,Sweden,930/31,TRIBERGA ,295,318,Samanid
907/08,,Ism?c?l ibn A?mad,Sweden,991,SNÄCKAR,295,381,Samanid
907/08,2.52,Ism?c?l ibn A?mad,Sweden,957/58,STORA VE,295,346,Samanid
907/08,,Ism?c?l ibn A?mad,Denmark,960,TERSLEV ,295,349,Samanid
907/08,,,Sweden,916/17,KYRKEBY ,295,304,
907/08,,,Eastern Europe,925/26,NIZHNEV,295,313,
907/08,3.01,,Denmark,953/54,SEJRØ,295,342,
907/08,,,Sweden,910/11,STORMS ,295,298,
907/08,,,Eastern Europe,911/12,STRUPOV,295,299,
908/09,4.12,A?mad ibn Ism?c?l,Sweden,944/45,GANNAR,296,333,Samanid
908/09,1.99,A?mad ibn Ism?c?l,Sweden,957/58,HÄFFINDS,296,346,Samanid
908/09,2.93,A?mad ibn Ism?c?l,Sweden,991,HÄGVALD,296,381,Samanid
908/09,,Ism?c?l ibn A?mad,Eastern Europe,914/15,LUZHKI ,296,302,Samanid
908/09,,,Eastern Europe,919/20,BOGDAN,296,307,
908/09,,,Sweden,1029,KVIENDE ,296,420,
908/09,,,Sweden,911/12,OCKES ,296,299,
909/10,,A?mad ibn Ism?c?l,Sweden,994,KVARNE (,297,384,Samanid
909/10,2.96,A?mad ibn Ism?c?l,Sweden,1053,SIGSARVE ,297,445,Samanid
909/10,,Ism?c?l ibn A?mad,Denmark,924/25,NEBLE ,297,312,Samanid
910/11,,A?mad ibn Ism?c?l,Sweden,991,FÖLHAGE,298,381,Samanid
910/11,,A?mad ibn Ism?c?l,Sweden,944/45,GANNAR,298,333,Samanid
910/11,,A?mad ibn Ism?c?l,Sweden,972/73,GÖSTAFS/,298,362,Samanid
910/11,,A?mad ibn Ism?c?l,Denmark,942/43,GRISEBJER,298,331,Samanid
910/11,,A?mad ibn Ism?c?l,Denmark,942/43,GRISEBJER,298,331,Samanid
910/11,,A?mad ibn Ism?c?l,Sweden,991,HULTE ,298,381,Samanid
910/11,2.92,A?mad ibn Ism?c?l,Southeast Baltic,979,KEHRA,298,369,Samanid
910/11,,A?mad ibn Ism?c?l,Sweden,973/74,LILLA RON,298,363,Samanid
910/11,,A?mad ibn Ism?c?l,Eastern Europe,914/15,LUZHKI ,298,302,Samanid
910/11,,A?mad ibn Ism?c?l,Eastern Europe,939/40,MUROM,298,328,Samanid
910,,A?mad ibn Ism?c?l,Eastern Europe,914,PAPINSK,298,302,Samanid
910/11,3.06,A?mad ibn Ism?c?l,Sweden,1053,SIGSARVE ,298,445,Samanid
910/11,,A?mad ibn Ism?c?l,Eastern Europe,953/54,TSIMLIAN,298,342,Samanid
910/11,3.33,Na?r ibn A?mad,Sweden,957/58,NYGÅRDS ,298,346,Samanid
910/11,,,Sweden,1047,GLAMMU,298,439,
910/911,,,Eastern Europe,939/40,STAVROP,298,328,
910/11,,,Poland,955/56,TRZEBIAN,298,344,
911/12,2.82,A?mad ibn Ism?c?l,Sweden,991,BROA ,299,381,Samanid
911/12,3.11,A?mad ibn Ism?c?l,Near East,936/37,ISFAHAN ,299,325,Samanid
911/12,2.84,A?mad ibn Ism?c?l,Sweden,994,KVARNE (,299,384,Samanid
911/12,,A?mad ibn Ism?c?l,Eastern Europe,914/15,LUZHKI ,299,302,Samanid
911/12,,A?mad ibn Ism?c?l,Sweden,958/59,PAVALDS ,299,347,Samanid
911/12,2.88,A?mad ibn Ism?c?l,Southeast Baltic,951/52,SAUE (FRI,299,340,Samanid
911/12,3.03,A?mad ibn Ism?c?l,Sweden,939/40,SOMEWH,299,328,Samanid
911/12,2.88,A?mad ibn Ism?c?l,Sweden,952/53,TUER ,299,341,Samanid
911/12,,A?mad ibn Ism?c?l,Sweden,943/44,UGGÅRDS,299,332,Samanid
911/12,,A?mad ibn Ism?c?l,Sweden,943/44,UGGÅRDS,299,332,Samanid
911/12,,A?mad ibn Ism?c?l,Southeast Baltic,942/43,VÄÄNIKV,299,331,Samanid
912/13,2.7,A?mad ibn Ism?c?l,Sweden,955/56,BURGE ,300,344,Samanid
912/13,,A?mad ibn Ism?c?l,Sweden,963/64,LILLA VIKE,300,352,Samanid
912/13,,A?mad ibn Ism?c?l,Sweden,940/41,UGGÅRDS ,300,329,Samanid
912/13,,Na?r ibn A?mad,Eastern Europe,939/40,MUROM,300,328,Samanid
912/13,,Na?r ibn A?mad,Sweden,976/77,ÖVIDE/U,300,366,Samanid
912/13,,Na?r ibn A?mad,Sweden,943/44,UGGÅRDS,300,332,Samanid
912/13,,,Sweden,972/73,BOTVALD,300,362,
912/13,,,Sweden,920/21,SÄBY,300,308,
912/13,,,Sweden,1018,SKÄGGS ,300,409,
913/14,3.23,A?mad ibn Ism?c?l,Norway,921/22,GRIMESTA,301,309,Samanid
913/14,,A?mad ibn Ism?c?l,Southeast Baltic,952/53,KUSCHKE/,301,341,Samanid
913/14,,Ism?c?l ibn A?mad,Sweden,973,MÅRTENS ,301,363,Samanid
913-943,,Na?r ibn A?mad,Sweden,924/25,BRÄCKE,301,312,Samanid
913-932,,Na?r ibn A?mad,Eastern Europe,955/56,PINSK,301,344,Samanid
913-932,,Na?r ibn A?mad,Eastern Europe,955/56,PINSK,301,344,Samanid
913-932,,Na?r ibn A?mad,Eastern Europe,955/56,PINSK,301,344,Samanid
913/14,,,Sweden,951/52,KASSLE ,301,340,
913/14,,,Poland,954/55,KOWALE,301,343,
913/14,,,Sweden,945,NÄR ,301,334,
913/14-942/43,,,Eastern Europe,945/46,STARYE K,301,334,
913/14,,,Sweden,978,SUDERBYS,301,368,
913/14,,,Sweden,978,SUDERBYS,301,368,
914,,A?mad ibn Ism?c?l,Eastern Europe,914,PAPINSK,302,302,Samanid
914-943,,Na?r ibn A?mad,Eastern Europe,944/45,BELORUSS,302,333,Samanid
914/15,,Na?r ibn A?mad,Eastern Europe,951/52,BEREZA,302,340,Samanid
914/15,,Na?r ibn A?mad,Sweden,957/58,BIRKA ,302,346,Samanid
914/15,,Na?r ibn A?mad,Sweden,983,BOTELS ,302,373,Samanid
914/15,,Na?r ibn A?mad,Sweden,973,BOTES/BO,302,363,Samanid
914/15,4.61,Na?r ibn A?mad,Sweden,972/73,BRYOR ,302,362,Samanid
914/15,,Na?r ibn A?mad,Denmark,961/62,DAMMEG,302,350,Samanid
914/15,3.22,Na?r ibn A?mad,Sweden,991,FÖLHAGE,302,381,Samanid
914/15,,Na?r ibn A?mad,Sweden,991,FÖLHAGE,302,381,Samanid
914/15,,Na?r ibn A?mad,Sweden,991,FÖLHAGE,302,381,Samanid
914/15,,Na?r ibn A?mad,Sweden,991,FÖLHAGE,302,381,Samanid
914/15,,Na?r ibn A?mad,Sweden,991,FÖLHAGE,302,381,Samanid
914/15,,Na?r ibn A?mad,Sweden,991,FÖLHAGE,302,381,Samanid
914/15,,Na?r ibn A?mad,Sweden,991,FÖLHAGE,302,381,Samanid
914/15,,Na?r ibn A?mad,Sweden,975,GÅSHAGE,302,365,Samanid
914/15,,Na?r ibn A?mad,Eastern Europe,923/24,GNEZDOV,302,311,Samanid
914/15,3.3,Na?r ibn A?mad,Norway,921/22,GRIMESTA,302,309,Samanid
914/15,2.88,Na?r ibn A?mad,Sweden,957/58,HÄFFINDS,302,346,Samanid
914/15,,Na?r ibn A?mad,Sweden,957/58,HÄFFINDS,302,346,Samanid
914/15,,Na?r ibn A?mad,Sweden,991,HÄGVALD,302,381,Samanid
914-943,2.92,Na?r ibn A?mad,Near East,936/37,ISFAHAN ,302,325,Samanid
914/15,3.03,Na?r ibn A?mad,Near East,936/37,ISFAHAN ,302,325,Samanid
914/15,,Na?r ibn A?mad,Southeast Baltic,954/55,KOIGI/KOI,302,343,Samanid
914/15,2.97,Na?r ibn A?mad,Sweden,994,KVARNE (,302,384,Samanid
914/15,,Na?r ibn A?mad,Sweden,994,KVARNE (,302,384,Samanid
914/15,,Na?r ibn A?mad,Sweden,994,KVARNE (,302,384,Samanid
914/15,,Na?r ibn A?mad,Sweden,969/70,MANNEG,302,359,Samanid
914/15,,Na?r ibn A?mad,Eastern Europe,925/26,MATVEEV,302,313,Samanid
914/15,,Na?r ibn A?mad,Eastern Europe,939/40,MUROM,302,328,Samanid
914/15,,Na?r ibn A?mad,Eastern Europe,939/40,MUROM,302,328,Samanid
914/15,3.7,Na?r ibn A?mad,Sweden,957/58,NYGÅRDS ,302,346,Samanid
914/15,3.02,Na?r ibn A?mad,Sweden,1002,ÖSARVE ,302,393,Samanid
914/15,,Na?r ibn A?mad,Southeast Baltic,940/41,PÕLTSAM,302,329,Samanid
914/15,2.97,Na?r ibn A?mad,Sweden,953/54,RANGSAR,302,342,Samanid
914/15,3.99,Na?r ibn A?mad,Sweden,953/54,RANGSAR,302,342,Samanid
914/15,,Na?r ibn A?mad,Sweden,953/54,RANGSAR,302,342,Samanid
914/15,,Na?r ibn A?mad,Sweden,961/62,RUMS ,302,350,Samanid
914/15,,Na?r ibn A?mad,Southeast Baltic,951/52,SAUE (FRI,302,340,Samanid
914/15,3.43,Na?r ibn A?mad,Sweden,1053,SIGSARVE ,302,445,Samanid
914/15,,Na?r ibn A?mad,Sweden,991,SNÄCKAR,302,381,Samanid
914/15,3.4,Na?r ibn A?mad,Sweden,954/55,TJENGVID,302,343,Samanid
914/15,,Na?r ibn A?mad,Sweden,940/41,UGGÅRDS ,302,329,Samanid
914-943,,Na?r ibn A?mad,Sweden,942/43,UTOJE/UT,302,331,Samanid
914-943,,Na?r ibn A?mad,Sweden,939/40,VÄSTRIS ,302,328,Samanid
914/15,,,Germany,996,ALEXAND,302,386,
914/15,,,Eastern Europe,919/20,BOGDAN,302,307,
914/15,,,Eastern Europe,919/20,BOGDAN,302,307,
914/15,3.04,,Sweden,934/35,HÄFFINDS,302,323,
914-943,,,Sweden,1002,HALLSARV,302,393,
914-943,,,Sweden,1002,HALLSARV,302,393,
914-943,,,Sweden,1067,LILLA VAS,302,459,
914-943,,,Sweden,1018,SALLMUN,302,409,
915/16,,Na?r ibn A?mad,Sweden,940/41,BÅTA ,303,329,Samanid
915/16,,Na?r ibn A?mad,Eastern Europe,939/40,MUROM,303,328,Samanid
915/16,3.67,Na?r ibn A?mad,Sweden,916/17,SÖDRA LÖ,303,304,Samanid
915/16,,Na?r ibn A?mad,Sweden,939/40,SOMEWH,303,328,Samanid
915/16,,Na?r ibn A?mad,Sweden,954/55,STORA TU,303,343,Samanid
915/16,,Na?r ibn A?mad,Eastern Europe,953/54,TSIMLIAN,303,342,Samanid
915/16,,Na?r ibn A?mad,Germany,976/77,WATERNE,303,366,Samanid
916/17,,Na?r ibn A?mad,Sweden,1024,BJÄRBY (H,304,415,Samanid
916/17,3.03,Na?r ibn A?mad,Sweden,991,HÄGVALD,304,381,Samanid
916/17,,Na?r ibn A?mad,Norway,950/51,HOLTAN ,304,339,Samanid
916/17,,Na?r ibn A?mad,Eastern Europe,939/40,MUROM,304,328,Samanid
916/17,,Na?r ibn A?mad,Sweden,991,VÄSTRIS ,304,381,Samanid
917/18,,Na?r ibn A?mad,Eastern Europe,939/40,MUROM,305,328,Samanid
917/18,,Na?r ibn A?mad,Eastern Europe,939/40,MUROM,305,328,Samanid
917/18,,Na?r ibn A?mad,Sweden,991,ÖSTJÄDR,305,381,Samanid
917/18,,Na?r ibn A?mad,Germany,976/77,WATERNE,305,366,Samanid
918/19,,Na?r ibn A?mad,Sweden,983,BOTELS ,306,373,Samanid
918/19,,Na?r ibn A?mad,Southeast Baltic,980/81,EASTERN,306,370,Samanid
918/19,,Na?r ibn A?mad,Sweden,957/58,EKESKOGS,306,346,Samanid
918/19,,Na?r ibn A?mad,Sweden,957/58,EKESKOGS,306,346,Samanid
918/19,3,Na?r ibn A?mad,Sweden,972/73,GÖSTAFS/,306,362,Samanid
918/19,2.78,Na?r ibn A?mad,Sweden,972/73,GÖSTAFS/,306,362,Samanid
918/19,,Na?r ibn A?mad,Sweden,932/33,HALVANS ,306,320,Samanid
918/19,2.5,Na?r ibn A?mad,Near East,936/37,ISFAHAN ,306,325,Samanid
918/19,3.16,Na?r ibn A?mad,Near East,936/37,ISFAHAN ,306,325,Samanid
918/19,,Na?r ibn A?mad,Eastern Europe,935/36,KIEV II ,306,324,Samanid
918/19,2.93,Na?r ibn A?mad,Finland,1090,LINNANIE,306,483,Samanid
918/19,,Na?r ibn A?mad,Sweden,965,LUND,306,354,Samanid
918/19,,Na?r ibn A?mad,Sweden,969/70,MANNEG,306,359,Samanid
918/19,,Na?r ibn A?mad,Sweden,969/70,MANNEG,306,359,Samanid
918/19,,Na?r ibn A?mad,Eastern Europe,939/40,MUROM,306,328,Samanid
918/19,,Na?r ibn A?mad,Eastern Europe,939/40,MUROM,306,328,Samanid
918/19,,Na?r ibn A?mad,Eastern Europe,939/40,MUROM,306,328,Samanid
918/19,,Na?r ibn A?mad,Eastern Europe,939/40,MUROM,306,328,Samanid
918/19,,Na?r ibn A?mad,Eastern Europe,973/74,NEAR THE,306,363,Samanid
918/19,,Na?r ibn A?mad,Sweden,934/35,ÖJA PARIS,306,323,Samanid
918/19,2.97,Na?r ibn A?mad,Sweden,1053,SIGSARVE ,306,445,Samanid
918/19,,Na?r ibn A?mad,Sweden,978,SIGTERS (L,306,368,Samanid
918/19,,Na?r ibn A?mad,Sweden,943/44,UGGÅRDS,306,332,Samanid
918/19,,Na?r ibn A?mad,Sweden,971/72,UGGÅRDS,306,361,Samanid
918/19,,Na?r ibn A?mad,Sweden,940/41,UGGÅRDS ,306,329,Samanid
918/19,,Na?r ibn A?mad,Sweden,942/43,UTOJE/UT,306,331,Samanid
919/20,3.26,A?mad ibn Ism?c?l,Sweden,964/65,SMEDBY ,307,353,Samanid
919/20,,Na?r ibn A?mad,Sweden,950/60,BUTERS ,307,339,Samanid
919/920,,Na?r ibn A?mad,Sweden,957/58,EKESKOGS,307,346,Samanid
919/920,3.09,Na?r ibn A?mad,Near East,936/37,ISFAHAN ,307,325,Samanid
919/20,2.75,Na?r ibn A?mad,Southeast Baltic,979,KEHRA,307,369,Samanid
919/20,3.17,Na?r ibn A?mad,Sweden,954/55,MARTILLE ,307,343,Samanid
919/20,,Na?r ibn A?mad,Eastern Europe,939/40,MUROM,307,328,Samanid
919/20,,Na?r ibn A?mad,Sweden,940-944,NORS ,307,329,Samanid
919/20,,Na?r ibn A?mad,Sweden,1038,NYGÅRDS ,307,430,Samanid
919/20,,Na?r ibn A?mad,Sweden,1027,ÖSTER RY,307,418,Samanid
919/20,2.48,Na?r ibn A?mad,Sweden,953/54,PETSARVE,307,342,Samanid
919/20,,Na?r ibn A?mad,Southeast Baltic,940/41,PÕLTSAM,307,329,Samanid
919/920,,Na?r ibn A?mad,Southeast Baltic,951/52,SAUE (FRI,307,340,Samanid
919/20,4.04,Na?r ibn A?mad,Sweden,956/57,SÖREGÄR,307,345,Samanid
919/20,2.46,Na?r ibn A?mad,Sweden,952/53,TUER ,307,341,Samanid
919/20,,Na?r ibn A?mad,Sweden,943/44,UGGÅRDS,307,332,Samanid
919/20,,Na?r ibn A?mad,Sweden,943/44,UGGÅRDS,307,332,Samanid
920/21,,Na?r ibn A?mad,Sweden,963/64,BIRKA ,308,352,Samanid
920/21,,Na?r ibn A?mad,Sweden,983,BOTELS ,308,373,Samanid
920/21,,Na?r ibn A?mad,Sweden,957/58,HÄFFINDS,308,346,Samanid
920/21,3.16,Na?r ibn A?mad,Sweden,991,HÄGVALD,308,381,Samanid
920/21,,Na?r ibn A?mad,Sweden,991,HÄGVALD,308,381,Samanid
920/21,,Na?r ibn A?mad,Sweden,949/50,HINSER/H,308,338,Samanid
920/21,2.01,Na?r ibn A?mad,Near East,936/37,ISFAHAN ,308,325,Samanid
920,2.9,Na?r ibn A?mad,Sweden,1029,KVIENDE ,308,420,Samanid
920/21,,Na?r ibn A?mad,Sweden,969/70,MANNEG,308,359,Samanid
920/21,,Na?r ibn A?mad,Eastern Europe,939/40,MUROM,308,328,Samanid
932-934,,Na?r ibn A?mad,Eastern Europe,955/56,PINSK,308,344,Samanid
920/21,2.97,Na?r ibn A?mad,Sweden,953/54,RANGSAR,308,342,Samanid
920/21,,Na?r ibn A?mad,Southeast Baltic,951/52,SAUE (FRI,308,340,Samanid
920/21,3.21,Na?r ibn A?mad,Sweden,1053,SIGSARVE ,308,445,Samanid
920/21,,Na?r ibn A?mad,Sweden,943/44,UGGÅRDS,308,332,Samanid
920/21,,Na?r ibn A?mad,Sweden,943/44,UGGÅRDS,308,332,Samanid
920-921,,Loyl? ibn Nucman,Eastern Europe,944/45,KOZ’IANKA,308,333,Zaydids
920-921,,Loyl? ibn Nucman,Eastern Europe,944/45,KOZ’IANKA,308,333,Zaydids
921/22,,Na?r ibn A?mad,Sweden,973,BOTES/BO,309,363,Samanid
921/22,,Na?r ibn A?mad,Sweden,957/58,EKESKOGS,309,346,Samanid
921/22,,Na?r ibn A?mad,Sweden,956/57,ERIKSTOR,309,345,Samanid
921/22,3.79,Na?r ibn A?mad,Sweden,944/45,GANNAR,309,333,Samanid
921/22,2.85,Na?r ibn A?mad,Sweden,944/45,GANNAR,309,333,Samanid
921/22,3.71,Na?r ibn A?mad,Sweden,991,HÄGVALD,309,381,Samanid
921/22,,Na?r ibn A?mad,Norway,950/51,HOLTAN ,309,339,Samanid
921/22,2.95,Na?r ibn A?mad,Near East,936/37,ISFAHAN ,309,325,Samanid
921/22,,Na?r ibn A?mad,Eastern Europe,972/73,KIDOMLIA,309,362,Samanid
921/22,,Na?r ibn A?mad,Finland,1090,LEHDESM,309,483,Samanid
921/22,,Na?r ibn A?mad,Eastern Europe,939/40,MUROM,309,328,Samanid
921/22,,Na?r ibn A?mad,Eastern Europe,939/40,MUROM,309,328,Samanid
921/22,,Na?r ibn A?mad,Eastern Europe,939/40,MUROM,309,328,Samanid
921/22,,Na?r ibn A?mad,Sweden,951/52,NORRA N,309,340,Samanid
921/22,3.96,Na?r ibn A?mad,Sweden,953/54,RANGSAR,309,342,Samanid
921/22,,Na?r ibn A?mad,Southeast Baltic,951/52,SAUE (FRI,309,340,Samanid
921/22,,Na?r ibn A?mad,Southeast Baltic,951/52,SAUE (FRI,309,340,Samanid
921/22,3.09,Na?r ibn A?mad,Sweden,1053,SIGSARVE ,309,445,Samanid
921/22,3.73,Na?r ibn A?mad,Sweden,969/70,TALBY,309,359,Samanid
921/22,,Na?r ibn A?mad,Denmark,960,TERSLEV ,309,349,Samanid
921/22,,Na?r ibn A?mad,Sweden,952/53,TUER ,309,341,Samanid
921/22,,Na?r ibn A?mad,Southeast Baltic,942/43,VÄÄNIKV,309,331,Samanid
921/22,,Na?r ibn A?mad,Germany,976/77,WATERNE,309,366,Samanid
921/22,,Loyl? ibn Nucman ,Southeast Baltic,977/78,ERRA-LIIV,309,367,Zaydids
921/22,3.5,Loyl? ibn Nucman ,Sweden,957/58,HÄFFINDS,309,346,Zaydids
921/22,3.06,Loyl? ibn Nucman ,Sweden,991,HÄGVALD,309,381,Zaydids
921/22,2.66,Loyl? ibn Nucman ,Sweden,991,HULTE ,309,381,Zaydids
921/22,3.87,Loyl? ibn Nucman ,Sweden,957/58,STORA VE,309,346,Zaydids
921/22,,Loyl? ibn Nucman ,Sweden,957/58,STORA VE,309,346,Zaydids
921/22,,,Sweden,997,LILLA HAL,309,387,
922/23,2.99,Na?r ibn A?mad,Near East,992/93,ARDEKAN,310,382,Samanid
922/23,3.56,Na?r ibn A?mad,Sweden,944/45,GANNAR,310,333,Samanid
922/23,,Na?r ibn A?mad,Sweden,944/45,GANNAR,310,333,Samanid
922/23,2.78,Na?r ibn A?mad,Sweden,991,HÄGVALD,310,381,Samanid
922/23,,Na?r ibn A?mad,Norway,950/51,HOLTAN ,310,339,Samanid
922/23,,Na?r ibn A?mad,Eastern Europe,935/36,KIEV II ,310,324,Samanid
922/23,3.06,Na?r ibn A?mad,Sweden,1029,KVIENDE ,310,420,Samanid
922/23,,Na?r ibn A?mad,Sweden,928/29,LILLA BJÄ,310,316,Samanid
922/23,,Na?r ibn A?mad,Eastern Europe,939/40,MUROM,310,328,Samanid
922/23,2.96,Na?r ibn A?mad,Sweden,946/447,NYSTUGU,310,335,Samanid
922/23,,Na?r ibn A?mad,Sweden,946/447,NYSTUGU,310,335,Samanid
922/23,3.94,Na?r ibn A?mad,Sweden,976/77,ÖVIDE/U,310,366,Samanid
922/23,2.79,Na?r ibn A?mad,Sweden,957/58,STORA VE,310,346,Samanid
922/23,,Na?r ibn A?mad,Sweden,942/43,UTOJE/UT,310,331,Samanid
922/23,,Na?r ibn A?mad,Sweden,942/43,UTOJE/UT,310,331,Samanid
922/23,,Na?r ibn A?mad,Sweden,942/43,UTOJE/UT,310,331,Samanid
922/23,,Na?r ibn A?mad,Southeast Baltic,1002/03,WÖLLA/V,310,393,Samanid
922/23,3.65,Na?r ibn A?mad,Sweden,954/55,YXNARUM,310,343,Samanid
922/23,,Na?r ibn A?mad,Poland,976,ZALESIE ,310,366,Samanid
924/25,2.91,Na?r ibn A?mad,Sweden,1021,AMLINGS ,312,412,Samanid
924/25,,Na?r ibn A?mad,Sweden,961/62,BJÄRS/BJE,312,350,Samanid
924/25,,Na?r ibn A?mad,Sweden,961/62,BJÄRS/BJE,312,350,Samanid
924/25,,Na?r ibn A?mad,Poland,943/44,GOŒCIEJE,312,332,Samanid
924/25,,Na?r ibn A?mad,Eastern Europe,939/40,MUROM,312,328,Samanid
924/25,,Na?r ibn A?mad,Sweden,976/77,ÖVIDE/U,312,366,Samanid
924/25,2.98,Na?r ibn A?mad,Sweden,957/58,STORA VE,312,346,Samanid
924/25,,Na?r ibn A?mad,Sweden,939/40,VÄSTRIS ,312,328,Samanid
925/26,2.74,Na?r ibn A?mad,Sweden,961/62,BJÄRS/BJE,313,350,Samanid
925/26,,Na?r ibn A?mad,Eastern Europe,976/77,BORKI IV ,313,366,Samanid
925/26,,Na?r ibn A?mad,Sweden,950/60,BUTERS ,313,339,Samanid
925/26,,Na?r ibn A?mad,Sweden,957/58,EKESKOGS,313,346,Samanid
925/26,3.11,Na?r ibn A?mad,Sweden,991,HÄGVALD,313,381,Samanid
925/26,2.72,Na?r ibn A?mad,Sweden,994,KVARNE (,313,384,Samanid
925/26,2.64,Na?r ibn A?mad,Eastern Europe,935/36,MARAMA,313,324,Samanid
925/26,,Na?r ibn A?mad,Sweden,961/62,RUMS ,313,350,Samanid
925/26,,Na?r ibn A?mad,Sweden,1084,STORA HA,313,477,Samanid
925/26,,Na?r ibn A?mad,Sweden,957/58,STORA VE,313,346,Samanid
925/26,,Na?r ibn A?mad,Sweden,971/72,UGGÅRDS,313,361,Samanid
925/26,,Na?r ibn A?mad,Sweden,940/41,UGGÅRDS ,313,329,Samanid
926/27,,Na?r ibn A?mad,Sweden,983,BOTELS ,314,373,Samanid
926/27,,Na?r ibn A?mad,Sweden,973,BOTES/BO,314,363,Samanid
926/27,2.45,Na?r ibn A?mad,Sweden,955/56,BURGE ,314,344,Samanid
926/27,,Na?r ibn A?mad,Sweden,991,FÖLHAGE,314,381,Samanid
926/27,,Na?r ibn A?mad,Sweden,944/45,GANNAR,314,333,Samanid
926/27,,Na?r ibn A?mad,Sweden,958/59,HAGEBY,314,347,Samanid
926/27,,Na?r ibn A?mad,Sweden,1048,LILLA VAL,314,440,Samanid
926/27,,Na?r ibn A?mad,Eastern Europe,939/40,MUROM,314,328,Samanid
926/27,2.24,Na?r ibn A?mad,Near East,961/62,NEAR EAS,314,350,Samanid
926/27,,Na?r ibn A?mad,Sweden,991,ÖSTJÄDR,314,381,Samanid
926/27,3.16,Na?r ibn A?mad,Denmark,953/54,SEJRØ,314,342,Samanid
926/27,,Na?r ibn A?mad,Germany,976/77,WATERNE,314,366,Samanid
927/28,3.17,Na?r ibn A?mad,Sweden,1018,KÄNNUN,315,409,Samanid
927/28,,Na?r ibn A?mad,Southeast Baltic,954/55,KOIGI/KOI,315,343,Samanid
928/29,,Na?r ibn A?mad,Eastern Europe,953/54,BOBRIK ,316,342,Samanid
928/29,,Na?r ibn A?mad,Eastern Europe,939/40,MUROM,316,328,Samanid
928/29,,Na?r ibn A?mad,Eastern Europe,939/40,MUROM,316,328,Samanid
928/29,,Na?r ibn A?mad,Eastern Europe,939/40,MUROM,316,328,Samanid
928/29,,Na?r ibn A?mad,Eastern Europe,939/40,MUROM,316,328,Samanid
928/29,,Na?r ibn A?mad,Eastern Europe,939/40,MUROM,316,328,Samanid
928/29,,Na?r ibn A?mad,Eastern Europe,939/40,MUROM,316,328,Samanid
928/29,,Na?r ibn A?mad,Eastern Europe,939/40,MUROM,316,328,Samanid
929/30,,Na?r ibn A?mad,Near East,940/41,F RS PROV,317,329,Samanid
929/30,,Na?r ibn A?mad,Eastern Europe,939/40,MUROM,317,328,Samanid
929/30,,Na?r ibn A?mad,Sweden,953/54,RANGSAR,317,342,Samanid
929/30,,Na?r ibn A?mad,Sweden,971/72,UGGÅRDS,317,361,Samanid
929/30,,Na?r ibn A?mad,Sweden,939/40,VÄSTRIS ,317,328,Samanid
930/31,,Na?r ibn A?mad,Sweden,950/60,BUTERS ,318,339,Samanid
930/31,,Na?r ibn A?mad,Eastern Europe,939/40,MUROM,318,328,Samanid
930/31,6.57,Na?r ibn A?mad,Eastern Europe,941/42,RUSSKII-IURTKUL’,318,330,Samanid
930/31,,Na?r ibn A?mad,Denmark,993/94,VAALSE,318,383,Samanid
931/32,2.9,Yahy? ibn A?mad,Southeast Baltic,1046/47,LEVALA ,319,438,Rebel
931/32,,Yahy? ibn A?mad,Eastern Europe,939/40,MUROM,319,328,Rebel
931/32,,Yahy? ibn A?mad,Eastern Europe,939/40,MUROM,319,328,Rebel
931/32,,Yahy? ibn A?mad,Eastern Europe,939/40,MUROM,319,328,Rebel
931/32,,Yahy? ibn A?mad,Eastern Europe,939/40,MUROM,319,328,Rebel
931/32,,Yahy? ibn A?mad,Eastern Europe,939/40,MUROM,319,328,Rebel
931/32,,Yahy? ibn A?mad,Eastern Europe,939/40,MUROM,319,328,Rebel
931/32,,Yahy? ibn A?mad ,Eastern Europe,939/40,MUROM,319,328,Rebel
931/32,,Yahy? ibn A?mad  ,Sweden,953/54,KASTLÖSA,319,342,Rebel
931-940,,Na?r ibn A?mad,Sweden,953/54,KASTLÖSA,319,342,Samanid
931-940,,Na?r ibn A?mad,Sweden,953/54,KASTLÖSA,319,342,Samanid
931-940,,Na?r ibn A?mad,Sweden,953/54,KASTLÖSA,319,342,Samanid
931/32,,Na?r ibn A?mad,Sweden,953/54,KASTLÖSA,319,342,Samanid
931/32,,Na?r ibn A?mad,Eastern Europe,939/40,MUROM,319,328,Samanid
932,,Na?r ibn A?mad,Eastern Europe,944/45,BELORUSS,320,333,Samanid
932,,Na?r ibn A?mad,Eastern Europe,953/54,BOBRIK ,320,342,Samanid
932,,Na?r ibn A?mad,Denmark,961/62,DAMMEG,320,350,Samanid
932/33,,Na?r ibn A?mad,Sweden,953,FILBORNA,320,342,Samanid
932/33,,Na?r ibn A?mad,Sweden,953/54,GRÄNE ,320,342,Samanid
932,,Na?r ibn A?mad,Sweden,973,GRAUSNE,320,363,Samanid
932/33,2.85,Na?r ibn A?mad,Sweden,957/58,HÄFFINDS,320,346,Samanid
932/33,2.85,Na?r ibn A?mad,Sweden,1039,KARLS ,320,431,Samanid
932,3.28,Na?r ibn A?mad,Sweden,963/64,LILLA VIKE,320,352,Samanid
932,,Na?r ibn A?mad,Sweden,965,LUND,320,354,Samanid
932,,Na?r ibn A?mad,Southeast Baltic,947/48,MÄKSA (,320,336,Samanid
932,,Na?r ibn A?mad,Eastern Europe,939/40,MUROM,320,328,Samanid
932,,Na?r ibn A?mad,Eastern Europe,939/40,MUROM,320,328,Samanid
932,,Na?r ibn A?mad,Eastern Europe,939/40,MUROM,320,328,Samanid
932/33,2.76,Na?r ibn A?mad,Sweden,958/59,PAVALDS ,320,347,Samanid
932/33,,Na?r ibn A?mad,Sweden,953/54,RANGSAR,320,342,Samanid
932/33,,Na?r ibn A?mad,Sweden,953/54,RANGSAR,320,342,Samanid
932/33,3.26,Na?r ibn A?mad,Sweden,953/54,RANGSAR,320,342,Samanid
932/33,,Na?r ibn A?mad,Sweden,958/59,RANGSAR,320,347,Samanid
932/33,3.17,Na?r ibn A?mad,Southeast Baltic,1013/14,VAABINA ,320,404,Samanid
932/33,,Na?r ibn A?mad,Sweden,991,VIVLINGS,320,381,Samanid
933,,Na?r ibn A?mad,Eastern Europe,940/41,BESEDINS,321,329,Samanid
933,,Na?r ibn A?mad,Sweden,963/64,BIRKA ,321,352,Samanid
933,,Na?r ibn A?mad,Eastern Europe,953/54,BOBRIK ,321,342,Samanid
933,,Na?r ibn A?mad,Sweden,983,BOTELS ,321,373,Samanid
933,,Na?r ibn A?mad,Sweden,973,BOTES/BO,321,363,Samanid
933,,Na?r ibn A?mad,Near East,940/41,C M DA? (,321,329,Samanid
933,,Na?r ibn A?mad,Sweden,975,GÅSHAGE,321,365,Samanid
933,,Na?r ibn A?mad,Sweden,973,GRAUSNE,321,363,Samanid
933,,Na?r ibn A?mad,Denmark,942/43,GRISEBJER,321,331,Samanid
933,,Na?r ibn A?mad,Southeast Baltic,1014/15,IMMAKÜL,321,405,Samanid
933,,Na?r ibn A?mad,Sweden,953/54,KASTLÖSA,321,342,Samanid
933,,Na?r ibn A?mad,Sweden,1029,KVIENDE ,321,420,Samanid
933,,Na?r ibn A?mad,Eastern Europe,939/40,MUROM,321,328,Samanid
933,,Na?r ibn A?mad,Eastern Europe,939/40,MUROM,321,328,Samanid
933,,Na?r ibn A?mad,Eastern Europe,939/40,MUROM,321,328,Samanid
933,,Na?r ibn A?mad,Eastern Europe,939/40,MUROM,321,328,Samanid
933,,Na?r ibn A?mad,Eastern Europe,939/40,MUROM,321,328,Samanid
933,,Na?r ibn A?mad,Eastern Europe,939/40,MUROM,321,328,Samanid
933,,Na?r ibn A?mad,Eastern Europe,939/40,MUROM,321,328,Samanid
933,,Na?r ibn A?mad,Sweden,991,ÖSTJÄDR,321,381,Samanid
933,3,Na?r ibn A?mad,Sweden,976/77,ÖVIDE/U,321,366,Samanid
933,,Na?r ibn A?mad,Southeast Baltic,940/41,PÕLTSAM,321,329,Samanid
933,3,Na?r ibn A?mad,Sweden,958/59,RONDARV,321,347,Samanid
933,,Na?r ibn A?mad,Southeast Baltic,951/52,SAUE (FRI,321,340,Samanid
933,,Na?r ibn A?mad,Southeast Baltic,951/52,SAUE (FRI,321,340,Samanid
933,2.76,Na?r ibn A?mad,Sweden,957/58,STORA VE,321,346,Samanid
933,3.22,Na?r ibn A?mad,Sweden,954/55,TJENGVID,321,343,Samanid
933,2.84,Na?r ibn A?mad,Eastern Europe,957/58,ZVENICHE,321,346,Samanid
933/34,,Na?r ibn A?mad,Sweden,983,BOTELS ,322,373,Samanid
933/34,3.21,Na?r ibn A?mad,Sweden,957/58,HÄFFINDS,322,346,Samanid
933/34,,Na?r ibn A?mad,Caucausus,953/54,IAZ-KIRAG,322,342,Samanid
933/34,,Na?r ibn A?mad,Southeast Baltic,954/55,KOIGI/KOI,322,343,Samanid
933/34,2.92,Na?r ibn A?mad,Sweden,1029,KVIENDE ,322,420,Samanid
933/34,2.97,Na?r ibn A?mad,Southeast Baltic,1046/47,LEVALA ,322,438,Samanid
933/34,3.16,Na?r ibn A?mad,Sweden,954/55,MARTILLE ,322,343,Samanid
933/34,,Na?r ibn A?mad,Eastern Europe,939/40,MUROM,322,328,Samanid
933/34,,Na?r ibn A?mad,Eastern Europe,939/40,MUROM,322,328,Samanid
933/34,,Na?r ibn A?mad,Eastern Europe,939/40,MUROM,322,328,Samanid
933/34,,Na?r ibn A?mad,Eastern Europe,939/40,MUROM,322,328,Samanid
933/34,,Na?r ibn A?mad,Eastern Europe,939/40,MUROM,322,328,Samanid
933/34,,Na?r ibn A?mad,Eastern Europe,939/40,MUROM,322,328,Samanid
933/34,,Na?r ibn A?mad,Eastern Europe,939/40,MUROM,322,328,Samanid
933/34,,Na?r ibn A?mad,Eastern Europe,939/40,MUROM,322,328,Samanid
933/34,,Na?r ibn A?mad,Eastern Europe,939/40,MUROM,322,328,Samanid
933/34,,Na?r ibn A?mad,Eastern Europe,939/40,MUROM,322,328,Samanid
933/34,,Na?r ibn A?mad,Eastern Europe,939/40,MUROM,322,328,Samanid
933/34,,Na?r ibn A?mad,Eastern Europe,939/40,MUROM,322,328,Samanid
933/34,2.92,Na?r ibn A?mad,Near East,961/62,NEAR EAS,322,350,Samanid
933/34,,Na?r ibn A?mad,Central Asia,968/69,SAMARQ,322,358,Samanid
933/34,,Na?r ibn A?mad,Poland,976,SIEROSZE,322,366,Samanid
933/34,,Na?r ibn A?mad,Southeast Baltic,942/43,VÄÄNIKV,322,331,Samanid
933/34,3.03,Na?r ibn A?mad,Finland,954/55,VÄSTERG,322,343,Samanid
943-954?,,N?? ibn Na?r,Sweden,1023,STIGE ,322,414,Samanid
934/35,,Na?r ibn A?mad,Sweden,963/64,BIRKA ,323,352,Samanid
934/935,,Na?r ibn A?mad,Sweden,961/62,BJÄRS/BJE,323,350,Samanid
934/35,,Na?r ibn A?mad,Sweden,957/58,EKESKOGS,323,346,Samanid
934/35,2.88,Na?r ibn A?mad,Sweden,991,FÖLHAGE,323,381,Samanid
934/35,3.37,Na?r ibn A?mad,Sweden,957/58,HÄFFINDS,323,346,Samanid
934/35,2.82,Na?r ibn A?mad,Sweden,957/58,HÄFFINDS,323,346,Samanid
934/35,,Na?r ibn A?mad,Sweden,991,HÄGVALD,323,381,Samanid
934/35,2.7,Na?r ibn A?mad,Sweden,991,HÄGVALD,323,381,Samanid
934/35,,Na?r ibn A?mad,Sweden,1059,HALLFOSE ,323,451,Samanid
934/35,,Na?r ibn A?mad,Southeast Baltic,952/53,KUSCHKE/,323,341,Samanid
934/35,,Na?r ibn A?mad,Southeast Baltic,947/48,MÄKSA (,323,336,Samanid
934/35,,Na?r ibn A?mad,Sweden,991,MALLGAR,323,381,Samanid
934/35,2.83,Na?r ibn A?mad,Sweden,1102,MANNEG,323,495,Samanid
934/35,3.56,Na?r ibn A?mad,Sweden,1092,MICKELS ,323,485,Samanid
934/35,,Na?r ibn A?mad,Eastern Europe,939/40,MUROM,323,328,Samanid
934/35,,Na?r ibn A?mad,Eastern Europe,939/40,MUROM,323,328,Samanid
934/35,,Na?r ibn A?mad,Eastern Europe,939/40,MUROM,323,328,Samanid
934/35,,Na?r ibn A?mad,Eastern Europe,939/40,MUROM,323,328,Samanid
934/35,,Na?r ibn A?mad,Eastern Europe,939/40,MUROM,323,328,Samanid
934/35,,Na?r ibn A?mad,Eastern Europe,939/40,MUROM,323,328,Samanid
934/35,,Na?r ibn A?mad,Eastern Europe,939/40,MUROM,323,328,Samanid
934/35,,Na?r ibn A?mad,Eastern Europe,939/40,MUROM,323,328,Samanid
934/35,,Na?r ibn A?mad,Eastern Europe,939/40,MUROM,323,328,Samanid
934/35,,Na?r ibn A?mad,Eastern Europe,939/40,MUROM,323,328,Samanid
934/35,,Na?r ibn A?mad,Eastern Europe,939/40,MUROM,323,328,Samanid
934/35,,Na?r ibn A?mad,Eastern Europe,939/40,MUROM,323,328,Samanid
934/35,,Na?r ibn A?mad,Eastern Europe,939/40,MUROM,323,328,Samanid
934/35,,Na?r ibn A?mad,Eastern Europe,939/40,MUROM,323,328,Samanid
934/35,,Na?r ibn A?mad,Eastern Europe,939/40,MUROM,323,328,Samanid
934/35,,Na?r ibn A?mad,Eastern Europe,939/40,MUROM,323,328,Samanid
934/35,,Na?r ibn A?mad,Eastern Europe,939/40,MUROM,323,328,Samanid
934/35,,Na?r ibn A?mad,Sweden,1042,ÖSTRA BY,323,434,Samanid
934/35,,Na?r ibn A?mad,Sweden,1042,ÖSTRA BY,323,434,Samanid
934/35,,Na?r ibn A?mad,Sweden,976/77,ÖVIDE/U,323,366,Samanid
934/35,2.98,Na?r ibn A?mad,Sweden,958/59,PAVALDS ,323,347,Samanid
934-940,,Na?r ibn A?mad,Eastern Europe,955/56,PINSK,323,344,Samanid
934-940,,Na?r ibn A?mad,Eastern Europe,955/56,PINSK,323,344,Samanid
934-940,,Na?r ibn A?mad,Eastern Europe,955/56,PINSK,323,344,Samanid
934-940,,Na?r ibn A?mad,Eastern Europe,955/56,PINSK,323,344,Samanid
934/35,,Na?r ibn A?mad,Near East,945/46,REGION O,323,334,Samanid
934/35,,Na?r ibn A?mad,Southeast Baltic,951/52,SAUE (FRI,323,340,Samanid
934/35,,Na?r ibn A?mad,Southeast Baltic,951/52,SAUE (FRI,323,340,Samanid
934/35,,Na?r ibn A?mad,Sweden,991,SNÄCKAR,323,381,Samanid
934/35,,Na?r ibn A?mad,Sweden,978,SUDERBYS,323,368,Samanid
934-940,,Na?r ibn A?mad,Sweden,952/53,TUER ,323,341,Samanid
934/35,,Na?r ibn A?mad,Sweden,943/44,UGGÅRDS,323,332,Samanid
935/36,2.86,Na?r ibn A?mad,Eastern Europe,948/49,BELORUSS,324,337,Samanid
935/36,,Na?r ibn A?mad,Eastern Europe,948/49,BELORUSS,324,337,Samanid
935/36,,Na?r ibn A?mad,Sweden,961/62,BJÄRS/BJE,324,350,Samanid
935/36,3.4,Na?r ibn A?mad,Sweden,961/62,BJÄRS/BJE,324,350,Samanid
935/36,,Na?r ibn A?mad,Sweden,961/62,BJÄRS/BJE,324,350,Samanid
935/36,,Na?r ibn A?mad,Sweden,961/62,BJÄRS/BJE,324,350,Samanid
935/36,,Na?r ibn A?mad,Sweden,983,BOTELS ,324,373,Samanid
935/36,,Na?r ibn A?mad,Sweden,973,BOTES/BO,324,363,Samanid
935/36,,Na?r ibn A?mad,Sweden,972/73,BOTVALD,324,362,Samanid
935/36,,Na?r ibn A?mad,Sweden,991,BROA ,324,381,Samanid
935/36,3.42,Na?r ibn A?mad,Sweden,972/73,BRYOR ,324,362,Samanid
935/36,,Na?r ibn A?mad,Sweden,991,BRYOR ,324,381,Samanid
935/36,,Na?r ibn A?mad,Sweden,950/60,BUTERS ,324,339,Samanid
935/36,,Na?r ibn A?mad,Sweden,950/60,BUTERS ,324,339,Samanid
935/36,2.79,Na?r ibn A?mad,Sweden,1017,EKESKOGS,324,408,Samanid
935/36,,Na?r ibn A?mad,Sweden,957/58,EKESKOGS,324,346,Samanid
935/36,,Na?r ibn A?mad,Southeast Baltic,977/78,ERRA-LIIV,324,367,Samanid
935/36,,Na?r ibn A?mad,Southeast Baltic,977/78,ERRA-LIIV,324,367,Samanid
935/36,,Na?r ibn A?mad,Sweden,976/77,FÅGELSÅ,324,366,Samanid
935/36,3.44,Na?r ibn A?mad,Sweden,991,FÖLHAGE,324,381,Samanid
935/36,,Na?r ibn A?mad,Sweden,991,FÖLHAGE,324,381,Samanid
935/36,,Na?r ibn A?mad,Sweden,991,FÖLHAGE,324,381,Samanid
935/36,,Na?r ibn A?mad,Sweden,944/45,GANNAR,324,333,Samanid
935/36,,Na?r ibn A?mad,Denmark,953/54,GJERRILD ,324,342,Samanid
935/36,,Na?r ibn A?mad,Sweden,952/53,GOTLAND ,324,341,Samanid
935/36,2.94,Na?r ibn A?mad,Sweden,954/55,GULLARVE,324,343,Samanid
935/36,,Na?r ibn A?mad,Sweden,954/55,GULLARVE,324,343,Samanid
935/36,,Na?r ibn A?mad,Sweden,954/55,GULLARVE,324,343,Samanid
935/36,,Na?r ibn A?mad,Sweden,957/58,HÄFFINDS,324,346,Samanid
935/36,,Na?r ibn A?mad,Sweden,957/58,HÄFFINDS,324,346,Samanid
935/36,3.58,Na?r ibn A?mad,Sweden,957/58,HÄFFINDS,324,346,Samanid
935/36,2.87,Na?r ibn A?mad,Sweden,957/58,HÄFFINDS,324,346,Samanid
935/36,,Na?r ibn A?mad,Sweden,958/59,HAGEBY,324,347,Samanid
935/36,3.1,Na?r ibn A?mad,Sweden,991,HÄGVALD,324,381,Samanid
935/36,2.91,Na?r ibn A?mad,Sweden,991,HÄGVALD,324,381,Samanid
935/36,2.93,Na?r ibn A?mad,Sweden,991,HÄGVALD,324,381,Samanid
935/36,3.2,Na?r ibn A?mad,Sweden,991,HÄGVALD,324,381,Samanid
935/36,2.91,Na?r ibn A?mad,Sweden,991,HÄGVALD,324,381,Samanid
935/36,2.77,Na?r ibn A?mad,Sweden,991,HÄGVALD,324,381,Samanid
935/36,,Na?r ibn A?mad,Sweden,991,HÄGVALD,324,381,Samanid
935/36,,Na?r ibn A?mad,Sweden,991,HÄGVALD,324,381,Samanid
935/36,,Na?r ibn A?mad,Sweden,1042,HALSEGÅ,324,434,Samanid
935/36,,Na?r ibn A?mad,Sweden,1042,HALSEGÅ,324,434,Samanid
935/36,,Na?r ibn A?mad,Sweden,1040,HALSGÅR,324,432,Samanid
935/36,,Na?r ibn A?mad,Sweden,1040,HALSGÅR,324,432,Samanid
935/36,,Na?r ibn A?mad,Sweden,1018,KARLBERG,324,409,Samanid
935/36,,Na?r ibn A?mad,Sweden,1039,KARLS ,324,431,Samanid
935/36,,Na?r ibn A?mad,Eastern Europe,935/36,KRYLOS ,324,324,Samanid
935/36,,Na?r ibn A?mad,Sweden,994,KVARNE (,324,384,Samanid
935/36,,Na?r ibn A?mad,Sweden,994,KVARNE (,324,384,Samanid
935/36,3.01,Na?r ibn A?mad,Sweden,960/61,KVIE ,324,349,Samanid
935/36,,Na?r ibn A?mad,Southeast Baltic,1056/57,LEMALSN,324,449,Samanid
935/36,,Na?r ibn A?mad,Sweden,963/64,LILLA VIKE,324,352,Samanid
935/36,,Na?r ibn A?mad,Sweden,957/58,LUNDS ,324,346,Samanid
935/36,2.91,Na?r ibn A?mad,Southeast Baltic,1066/67,MAIDLA ,324,458,Samanid
935/36,,Na?r ibn A?mad,Southeast Baltic,947/48,MÄKSA (,324,336,Samanid
935/36,,Na?r ibn A?mad,Eastern Europe,939/40,MUROM,324,328,Samanid
935/36,,Na?r ibn A?mad,Eastern Europe,939/40,MUROM,324,328,Samanid
935/36,,Na?r ibn A?mad,Eastern Europe,939/40,MUROM,324,328,Samanid
935/36,,Na?r ibn A?mad,Eastern Europe,939/40,MUROM,324,328,Samanid
935/36,,Na?r ibn A?mad,Eastern Europe,939/40,MUROM,324,328,Samanid
935/36,,Na?r ibn A?mad,Eastern Europe,939/40,MUROM,324,328,Samanid
935/36,,Na?r ibn A?mad,Eastern Europe,939/40,MUROM,324,328,Samanid
935/36,,Na?r ibn A?mad,Eastern Europe,939/40,MUROM,324,328,Samanid
935/36,,Na?r ibn A?mad,Eastern Europe,939/40,MUROM,324,328,Samanid
935/36,,Na?r ibn A?mad,Eastern Europe,939/40,MUROM,324,328,Samanid
935/36,,Na?r ibn A?mad,Eastern Europe,939/40,MUROM,324,328,Samanid
935/36,,Na?r ibn A?mad,Eastern Europe,939/40,MUROM,324,328,Samanid
935/36,,Na?r ibn A?mad,Eastern Europe,939/40,MUROM,324,328,Samanid
935/36,,Na?r ibn A?mad,Eastern Europe,939/40,MUROM,324,328,Samanid
935/36,,Na?r ibn A?mad,Eastern Europe,939/40,MUROM,324,328,Samanid
935/36,,Na?r ibn A?mad,Eastern Europe,939/40,MUROM,324,328,Samanid
935/36,,Na?r ibn A?mad,Eastern Europe,939/40,MUROM,324,328,Samanid
935/36,,Na?r ibn A?mad,Eastern Europe,939/40,MUROM,324,328,Samanid
935/36,,Na?r ibn A?mad,Eastern Europe,939/40,MUROM,324,328,Samanid
935/36,,Na?r ibn A?mad,Eastern Europe,939/40,MUROM,324,328,Samanid
935/36,,Na?r ibn A?mad,Eastern Europe,939/40,MUROM,324,328,Samanid
935/36,,Na?r ibn A?mad,Eastern Europe,939/40,MUROM,324,328,Samanid
935/36,,Na?r ibn A?mad,Eastern Europe,939/40,MUROM,324,328,Samanid
935/36,4.11,Na?r ibn A?mad,Sweden,967/68,NÄSBY ,324,357,Samanid
935/36,,Na?r ibn A?mad,Sweden,940-944,NORS ,324,329,Samanid
935/36,,Na?r ibn A?mad,Sweden,1038,NYGÅRDS ,324,430,Samanid
935/36,3.05,Na?r ibn A?mad,Sweden,957/58,NYGÅRDS ,324,346,Samanid
935/36,,Na?r ibn A?mad,Sweden,991,ÖSTJÄDR,324,381,Samanid
935/36,,Na?r ibn A?mad,Sweden,991,ÖSTJÄDR,324,381,Samanid
935/36,,Na?r ibn A?mad,Sweden,991,ÖSTJÄDR,324,381,Samanid
935/36,2.8,Na?r ibn A?mad,Sweden,976/77,ÖVIDE/U,324,366,Samanid
935/36,,Na?r ibn A?mad,Sweden,958/59,PAVALDS ,324,347,Samanid
935/36,2.54,Na?r ibn A?mad,Sweden,958/59,PAVALDS ,324,347,Samanid
935/36,,Na?r ibn A?mad,Sweden,1002/03,RÄGÄRKA ,324,393,Samanid
935/36,,Na?r ibn A?mad,Sweden,961/62,RUMS ,324,350,Samanid
935/36,,Na?r ibn A?mad,Southeast Baltic,951/52,SAUE (FRI,324,340,Samanid
935/36,,Na?r ibn A?mad,Southeast Baltic,951/52,SAUE (FRI,324,340,Samanid
935/36,,Na?r ibn A?mad,Southeast Baltic,951/52,SAUE (FRI,324,340,Samanid
935/36,,Na?r ibn A?mad,Southeast Baltic,951/52,SAUE (FRI,324,340,Samanid
935/36,,Na?r ibn A?mad,Eastern Europe,966/67,SHPILEVK,324,356,Samanid
935/36,2.81,Na?r ibn A?mad,Sweden,1053,SIGSARVE ,324,445,Samanid
935/36,3.18,Na?r ibn A?mad,Sweden,1053,SIGSARVE ,324,445,Samanid
935/36,3.1,Na?r ibn A?mad,Sweden,964/65,SMEDBY ,324,353,Samanid
935/36,,Na?r ibn A?mad,Sweden,991,SNÄCKAR,324,381,Samanid
935/36,,Na?r ibn A?mad,Sweden,991,SNÄCKAR,324,381,Samanid
935/36,,Na?r ibn A?mad,Sweden,991,SNÄCKAR,324,381,Samanid
935/36,2.95,Na?r ibn A?mad,Sweden,937/38,SNAUVAL,324,326,Samanid
935,,Na?r ibn A?mad,Poland,954/55,SOŒNICA ,324,343,Samanid
935/36,,Na?r ibn A?mad,Eastern Europe,978/79,STARYI DE,324,368,Samanid
935/36,,Na?r ibn A?mad,Sweden,1089,STORA SO,324,482,Samanid
935/36,2.86,Na?r ibn A?mad,Sweden,957/58,STORA VE,324,346,Samanid
935/36,,Na?r ibn A?mad,Denmark,960,TERSLEV ,324,349,Samanid
935/36,4.34,Na?r ibn A?mad,Finland,935/36,TIIKKINU,324,324,Samanid
935/36,3.46,Na?r ibn A?mad,Sweden,954/55,TJENGVID,324,343,Samanid
935/36,2.66,Na?r ibn A?mad,Sweden,952/53,TUER ,324,341,Samanid
935/36,,Na?r ibn A?mad,Sweden,943/44,UGGÅRDS,324,332,Samanid
935/36,,Na?r ibn A?mad,Sweden,942/43,UTOJE/UT,324,331,Samanid
935/36,2.77,Na?r ibn A?mad,Southeast Baltic,945/46,V LAIKIAI ,324,334,Samanid
935/36,3.14,Na?r ibn A?mad,Southeast Baltic,945/46,V LAIKIAI ,324,334,Samanid
935/36,,Na?r ibn A?mad,Southeast Baltic,942/43,VÄÄNIKV,324,331,Samanid
935/36,,Na?r ibn A?mad,Southeast Baltic,969/70,VARA (W,324,359,Samanid
935/36,,Na?r ibn A?mad,Sweden,939/40,VÄSTRIS ,324,328,Samanid
936/37,,Na?r ibn A?mad,Eastern Europe,953/54,BOBRIK ,325,342,Samanid
936/37,,Na?r ibn A?mad,Sweden,973,BOTES/BO,325,363,Samanid
936/37,3.21,Na?r ibn A?mad,Sweden,972/73,BRYOR ,325,362,Samanid
936/37,,Na?r ibn A?mad,Sweden,958/59,EKETORP ,325,347,Samanid
936/37,3.15,Na?r ibn A?mad,Sweden,954/55,HERMING,325,343,Samanid
936/37,3.35,Na?r ibn A?mad,Sweden,955/56,KVIBILLE ,325,344,Samanid
936/37,,Na?r ibn A?mad,Southeast Baltic,947/48,MÄKSA (,325,336,Samanid
936/37,,Na?r ibn A?mad,Sweden,969/70,MANNEG,325,359,Samanid
936/37,,Na?r ibn A?mad,Eastern Europe,939/40,MUROM,325,328,Samanid
936/37,,Na?r ibn A?mad,Eastern Europe,939/40,MUROM,325,328,Samanid
936/37,,Na?r ibn A?mad,Eastern Europe,939/40,MUROM,325,328,Samanid
936/37,,Na?r ibn A?mad,Eastern Europe,939/40,MUROM,325,328,Samanid
936/37,,Na?r ibn A?mad,Eastern Europe,939/40,MUROM,325,328,Samanid
936/37,,Na?r ibn A?mad,Eastern Europe,939/40,MUROM,325,328,Samanid
936/37,,Na?r ibn A?mad,Eastern Europe,939/40,MUROM,325,328,Samanid
936/37,,Na?r ibn A?mad,Eastern Europe,939/40,MUROM,325,328,Samanid
936/37,,Na?r ibn A?mad,Eastern Europe,939/40,MUROM,325,328,Samanid
936/37,,Na?r ibn A?mad,Eastern Europe,939/40,MUROM,325,328,Samanid
936/37,,Na?r ibn A?mad,Southeast Baltic,951/52,SAUE (FRI,325,340,Samanid
936/37,3.21,Na?r ibn A?mad,Sweden,1053,SIGSARVE ,325,445,Samanid
936/37,2.7,Na?r ibn A?mad,Sweden,964/65,SMEDBY ,325,353,Samanid
936/37,,Na?r ibn A?mad,Sweden,991,SNÄCKAR,325,381,Samanid
936/37,,Na?r ibn A?mad,Sweden,991,SNÄCKAR,325,381,Samanid
936/37,,Na?r ibn A?mad,Southeast Baltic,942/43,VÄÄNIKV,325,331,Samanid
936/37,2.84,Na?r ibn A?mad,Sweden,954/55,YXNARUM,325,343,Samanid
937/38,,Na?r ibn A?mad,Sweden,963/64,BIRKA ,326,352,Samanid
937/38,,Na?r ibn A?mad,Southeast Baltic,964/65,METSAKÜ,326,353,Samanid
937/38,,Na?r ibn A?mad,Sweden,953/54,MULLVAL,326,342,Samanid
937/38,,Na?r ibn A?mad,Eastern Europe,939/40,MUROM,326,328,Samanid
937/38,,Na?r ibn A?mad,Sweden,991,SNÄCKAR,326,381,Samanid
937/38,,Na?r ibn A?mad,Sweden,991,SNÄCKAR,326,381,Samanid
938/39,,Na?r ibn A?mad,Near East,940/41,F RS PROV,327,329,Samanid
938/39,,Na?r ibn A?mad,Sweden,953/54,KASTLÖSA,327,342,Samanid
938/39,,Na?r ibn A?mad,Denmark,960,TERSLEV ,327,349,Samanid
939/40,,Na?r ibn A?mad,Sweden,973,BOTES/BO,328,363,Samanid
939/40,2.67,Na?r ibn A?mad,Sweden,972/73,BOTVALD,328,362,Samanid
939/40,,Na?r ibn A?mad,Sweden,972/73,BOTVALD,328,362,Samanid
939/40,2.72,Na?r ibn A?mad,Sweden,955/56,BURGE ,328,344,Samanid
939/40,,Na?r ibn A?mad,Sweden,991,FÖLHAGE,328,381,Samanid
939/40,2.51,Na?r ibn A?mad,Sweden,997,HÄGDARV,328,397,Samanid
939/40,2.4,Na?r ibn A?mad,Sweden,991,HÄGVALD,328,381,Samanid
939/40,,Na?r ibn A?mad,Sweden,953/54,KASTLÖSA,328,342,Samanid
939/40,,Na?r ibn A?mad,Sweden,953/54,KASTLÖSA,328,342,Samanid
939/40,,Na?r ibn A?mad,Southeast Baltic,947/48,MÄKSA (,328,336,Samanid
939/40,,Na?r ibn A?mad,Sweden,969/70,MANNEG,328,359,Samanid
939/40,,Na?r ibn A?mad,Eastern Europe,939/40,MUROM,328,328,Samanid
939/40,,Na?r ibn A?mad,Eastern Europe,939/40,MUROM,328,328,Samanid
939/40,,Na?r ibn A?mad,Eastern Europe,939/40,MUROM,328,328,Samanid
939/40,,Na?r ibn A?mad,Eastern Europe,939/40,MUROM,328,328,Samanid
939/40,2.25,Na?r ibn A?mad,Near East,961/62,NEAR EAS,328,350,Samanid
939/40,,Na?r ibn A?mad,Sweden,991,ÖSTJÄDR,328,381,Samanid
939/40,,Na?r ibn A?mad,Sweden,991,ÖSTJÄDR,328,381,Samanid
939/40,,Na?r ibn A?mad,Sweden,1042,ÖSTRA BY,328,434,Samanid
939/40,2.97,Na?r ibn A?mad,Sweden,976/77,ÖVIDE/U,328,366,Samanid
939/40,,Na?r ibn A?mad,Southeast Baltic,940/41,PÕLTSAM,328,329,Samanid
939/40,2.8,Na?r ibn A?mad,Sweden,958/59,RONDARV,328,347,Samanid
939/40,,Na?r ibn A?mad,Sweden,961/62,RUMS ,328,350,Samanid
939/40,,Na?r ibn A?mad,Southeast Baltic,951/52,SAUE (FRI,328,340,Samanid
939/40,3.15,Na?r ibn A?mad,Sweden,1053,SIGSARVE ,328,445,Samanid
939/40,,Na?r ibn A?mad,Sweden,964/65,SMEDBY ,328,353,Samanid
939/40,,Na?r ibn A?mad,Poland,955/56,TRZEBIAN,328,344,Samanid
939/40,,Na?r ibn A?mad,Germany,976/77,WATERNE,328,366,Samanid
939/40,,Na?r ibn A?mad,Southeast Baltic,951/52,WESNERS,328,340,Samanid
940/41,,Na?r ibn A?mad,Sweden,953/54,KASTLÖSA,329,342,Samanid
940/41,,Na?r ibn A?mad,Southeast Baltic,954/55,KOIGI/KOI,329,343,Samanid
940/41,2.94,Na?r ibn A?mad,Sweden,994,KVARNE (,329,384,Samanid
940/41,,Na?r ibn A?mad,Sweden,1038,NYGÅRDS ,329,430,Samanid
940/41,,Na?r ibn A?mad,Southeast Baltic,1009/10,PAUNKÜL,329,400,Samanid
940-942,,Na?r ibn A?mad,Eastern Europe,955/56,PINSK,329,344,Samanid
941/42,,Na?r ibn A?mad,Sweden,950/60,BUTERS ,330,339,Samanid
941/42,,Na?r ibn A?mad,Sweden,991,HÄGVALD,330,381,Samanid
941/42,,Na?r ibn A?mad,Sweden,953/54,KASTLÖSA,330,342,Samanid
941/42,3.22,Na?r ibn A?mad,Sweden,994,KVARNE (,330,384,Samanid
941/42,2.9,Na?r ibn A?mad,Sweden,976/77,ÖVIDE/U,330,366,Samanid
941/42,,Na?r ibn A?mad,Southeast Baltic,951/52,SAUE (FRI,330,340,Samanid
941/42,,Na?r ibn A?mad,Eastern Europe,953/54,TSIMLIAN,330,342,Samanid
942/43,2.4,Na?r ibn A?mad,Sweden,975,GÅSHAGE,331,365,Samanid
942/43,,Na?r ibn A?mad,Sweden,957/58,STORA VE,331,346,Samanid
942/43,,N?? ibn Na?r,Near East,958/59,SOMEWH,331,347,Samanid
942/43,,,Sweden,967/68,NÄSBY ,331,357,
943/44,,N?? ibn Na?r,Eastern Europe,1068,DEMSHIN,332,461,Samanid
943/44,2.92,N?? ibn Na?r,Sweden,991,HÄGVALD,332,381,Samanid
943/44,,N?? ibn Na?r,Southeast Baltic,947/48,MÄKSA (,332,336,Samanid
943/44,,N?? ibn Na?r,Sweden,953/54,SKÄLHOR,332,342,Samanid
943/44,,N?? ibn Na?r,Sweden,964/65,SMEDBY ,332,353,Samanid
943/44,,,Poland,950/51,PIASKI-DR,332,339,
944/45,,N?? ibn Na?r,Sweden,973,GRAUSNE,333,363,Samanid
944/45,3.61,N?? ibn Na?r,Near East,961/62,NEAR EAS,333,350,Samanid
944/45,,N?? ibn Na?r,Sweden,964/65,SMEDBY ,333,353,Samanid
944/45,,N?? ibn Na?r,Germany,976/77,WATERNE,333,366,Samanid
944/45,,N?? ibn Na?r,Poland,976,ZALESIE ,333,366,Samanid
946/47,2.97,Ibr?h?m ibn A?mad ,Eastern Europe,1075,KOLODEZI ,335,468,Simjurid
946/47,2.85,Ibr?h?m ibn A?mad ,Southeast Baltic,1066/67,MAIDLA ,335,458,Simjurid
946/47,,N?? ibn Na?r,Sweden,983,BOTELS ,335,373,Samanid
946/47,,N?? ibn Na?r,Sweden,953/54,KASTLÖSA,335,342,Samanid
947/48,,N?? ibn Na?r,Sweden,953/54,KASTLÖSA,336,342,Samanid
947/48,,N?? ibn Na?r,Southeast Baltic,1002/03,PEUTH/KL,336,393,Samanid
948/49,,N?? ibn Na?r,Eastern Europe,953/54,BOBRIK ,337,342,Samanid
949/50,,N?? ibn Na?r,Germany,996,ALEXAND,338,386,Samanid
949/50,,N?? ibn Na?r,Germany,996,ALEXAND,338,386,Samanid
949/50,3.01,N?? ibn Na?r,Sweden,957/58,HÄFFINDS,338,346,Samanid
950/51,,N?? ibn Na?r,Eastern Europe,954/55,BOL’SHOI,339,343,Samanid
950/51,2.3,N?? ibn Na?r,Sweden,972/73,BOTVALD,339,362,Samanid
950/51,,N?? ibn Na?r,Sweden,1039,KARLS ,339,431,Samanid
950/51,,N?? ibn Na?r,Sweden,953/54,KASTLÖSA,339,342,Samanid
950/51,,N?? ibn Na?r,Sweden,973/74,LILLA RON,339,363,Samanid
950/51,,N?? ibn Na?r,Sweden,954/55,STORA TU,339,343,Samanid
950/51,,N?? ibn Na?r,Sweden,971/72,UGGÅRDS,339,361,Samanid
951/52,,N?? ibn Na?r,Sweden,975,GÅSHAGE,340,365,Samanid
951/52,2.93,N?? ibn Na?r,Near East,952/53,NAYS B R/,340,341,Samanid
951/52,3.26,N?? ibn Na?r,Eastern Europe,971/72,NOVGOR,340,361,Samanid
951/52,,N?? ibn Na?r,Poland,976,SIEROSZE,340,366,Samanid
951/52,,N?? ibn Na?r,Sweden,978,SIGTERS (L,340,368,Samanid
951/52,,N?? ibn Na?r,Near East,958/59,SOMEWH,340,347,Samanid
952/53,,N?? ibn Na?r,Sweden,983,BOTELS ,341,373,Samanid
952/53,,N?? ibn Na?r,Sweden,983,BOTELS ,341,373,Samanid
952/53,,N?? ibn Na?r,Sweden,983,BOTELS ,341,373,Samanid
952/53,,N?? ibn Na?r,Sweden,972/73,BOTVALD,341,362,Samanid
952/53,,N?? ibn Na?r,Near East,965/66,EASTERN I,341,355,Samanid
952/53,3.47,N?? ibn Na?r,Norway,1005,KALDAL ,341,396,Samanid
952/53,,N?? ibn Na?r,Sweden,953/54,KASTLÖSA,341,342,Samanid
952/53,3.71,N?? ibn Na?r,Southeast Baltic,979,KEHRA,341,369,Samanid
952/53,2.9,N?? ibn Na?r,Near East,952/53,NAYS B R/,341,341,Samanid
952/53,4.2,N?? ibn Na?r,Near East,952/53,NAYS B R/,341,341,Samanid
952/53,5.68,N?? ibn Na?r,Near East,961/62,NEAR EAS,341,350,Samanid
952/53,2.98,N?? ibn Na?r,Eastern Europe,971/72,NOVGOR,341,361,Samanid
952/53,3.33,N?? ibn Na?r,Sweden,956/57,SÖREGÄR,341,345,Samanid
953/54,3.7,N?? ibn Na?r,Caucausus,953/54,IAZ-KIRAG,342,342,Samanid
953/54,3.78,N?? ibn Na?r,Sweden,957/58,STORA VE,342,346,Samanid
954/55,,N?? ibn Na?r,Finland,955/56,ÅSGÅRDA ,343,344,Samanid
954/55,3.97,N?? ibn Na?r,Sweden,957/58,LUNDS ,343,346,Samanid
954/55,,N?? ibn Na?r,Poland,973,ŒWITKI ,343,363,Samanid
961-976,,Man??r ibn N??,Eastern Europe,982,DANILOV,350,372,Samanid
963/64,2.44,,Sweden,1024,GLAMMU,352,415,
965,,,Eastern Europe,1015,MOLODI,354,406,
969/70,,Man??r ibn N??,Eastern Europe,984/85,TATARSKII,359,374,Samanid
969/70,,Man??r ibn N??,Eastern Europe,984/85,TATARSKII,359,374,Samanid
976-997,,N?? ibn Man??r,Eastern Europe,1008/09,DENISY ,366,399,Samanid
976-997,,N?? ibn Man??r,Eastern Europe,1008/09,DENISY ,366,399,Samanid
976-997,,N?? ibn Man??r,Eastern Europe,1008/09,DENISY ,366,399,Samanid
976-997,,N?? ibn Man??r,Eastern Europe,1008/09,DENISY ,366,399,Samanid
976-997,,,Eastern Europe,996/97,SAVKOVO,366,386,
976-997,,,Eastern Europe,996/97,SAVKOVO,366,386,
976-997,,,Eastern Europe,996/97,SAVKOVO,366,386,
977/78,,Man??r ibn N??,Southeast Baltic,986/87,KRASNAI,367,376,Samanid
980/81,6.9,N?? ibn Man??r,Eastern Europe,1008/09,KRESHCHE,370,399,Samanid
980/81,6.67,N?? ibn Man??r,Eastern Europe,1008/09,KRESHCHE,370,399,Samanid
,6.9,N?? ibn Man??r and Na?r al-Dawlah ,Eastern Europe,1008/09,KRESHCHENYI BARAN,370,,Simjurid
,6.67,N?? ibn Man??r and Na?r al-Dawlah ,Eastern Europe,1008/09,KRESHCHENYI BARAN,370,,Simjurid
981/82,,N?? ibn Man??r,Eastern Europe,989/90,KUDEIAROVA GORA,371,379,Samanid
981/82,,N?? ibn Man??r,Eastern Europe,989/90,KUDEIAROVA GORA,371,379,Samanid
982/83,2.58,N?? ibn Man??r,Eastern Europe,1008/09,KRESHCHE,372,399,Samanid
983/84,,N?? ibn Man??r,Eastern Europe,1008/09,DENISY ,373,399,Samanid
983/84,,,Central Asia,1003/04,MAKHTU,373,394,
983/84,,,Eastern Europe,1035,PORECH’E,373,427,
984/85,,Ab? cAl? ?us?m ad-Dawlah ,Southeast Baltic,984/85,TARTU HIL,374,374,Governor
984/85,,N?? ibn Man??r,Eastern Europe,1008/09,DENISY ,374,399,Samanid
984/85,3.39,N?? ibn Man??r,Eastern Europe,1008/09,KRESHCHE,374,399,Samanid
984/85,,N?? ibn Man??r,Eastern Europe,988/89,KUZNECHI,374,378,Samanid
984/85,,,Central Asia,1003/04,MAKHTU,374,394,
984/85,,,Eastern Europe,1035,PORECH’E,374,427,
984/85,,,Eastern Europe,1035,PORECH’E,374,427,
985/86,,N?? ibn Man??r,Eastern Europe,1068,DEMSHIN,375,461,Samanid
985/86,,N?? ibn Man??r,Eastern Europe,1008/09,DENISY ,375,399,Samanid
985/86,3.64,N?? ibn Man??r,Eastern Europe,1075,KOLODEZI ,375,468,Samanid
985/86,,,Eastern Europe,1015,MOLODI,375,406,
986/87,,N?? ibn Man??r,Eastern Europe,1008/09,DENISY ,376,399,Samanid
986/87,,N?? ibn Man??r,Southeast Baltic,986/87,KRASNAI,376,376,Samanid
986/87,,N?? ibn Man??r,Eastern Europe,986/87,KRASNAIA,376,376,Samanid
986/87,,N?? ibn Man??r,Eastern Europe,988/89,KUZNECHI,376,378,Samanid
986/87,,,Eastern Europe,994/95,CHISTOPO,376,384,
987/88,,N?? ibn Man??r,Eastern Europe,1008/09,DENISY ,377,399,Samanid
987/88,,,Central Asia,1003/04,MAKHTU,377,394,
988/89,,,Central Asia,1003/04,MAKHTU,378,394,
988/89,,,Central Asia,1003/04,MAKHTU,378,394,
989/90,,,Eastern Europe,994/95,CHISTOPO,379,384,
990/91,,Ab? cAl? ?us?m ad-Dawlah ,Eastern Europe,998/99,ANIKOVA,380,389,Governor
991/92,,Ab? cAl? ?us?m ad-Dawlah ,Eastern Europe,998/99,ANIKOVA,381,389,Governor
994/95,,,Central Asia,1003/04,MAKHTU,384,394,
995/96,,,Central Asia,1003/04,MAKHTU,385,394,
996/97,,N?? ibn Man??r/Ma?m?d ,Near East,997/98,SOMEWHERE IN THE NEAR EAST (IRAN?),386,387,Ghaznawid/S?m?nid 
996/97,,N?? ibn Man??r/Ma?m?d ,Near East,997/98,SOMEWHERE IN THE NEAR EAST (IRAN?),386,387,Ghaznawid/S?m?nid 
996/97,,N?? ibn Man??r/Ma?m?d ,Near East,997/98,SOMEWHERE IN THE NEAR EAST (IRAN?),386,387,Ghaznawid/S?m?nid 
996/97,,N?? ibn Man??r/Ma?m?d ,Near East,997/98,SOMEWHERE IN THE NEAR EAST (IRAN?),386,387,Ghaznawid/S?m?nid 
996/97,,N?? ibn Man??r/Ma?m?d ,Near East,997/98,SOMEWHERE IN THE NEAR EAST (IRAN?),386,387,Ghaznawid/S?m?nid 
996/97,,N?? ibn Man??r/Ma?m?d ,Near East,997/98,SOMEWHERE IN THE NEAR EAST (IRAN?),386,387,Ghaznawid/S?m?nid 
996/97,,N?? ibn Man??r/Ma?m?d ,Near East,997/98,SOMEWHERE IN THE NEAR EAST (IRAN?),386,387,Ghaznawid/S?m?nid 
996/97,,N?? ibn Man??r/Ma?m?d ,Near East,997/98,SOMEWHERE IN THE NEAR EAST (IRAN?),386,387,Ghaznawid/S?m?nid 
996/97,,N?? ibn Man??r/Ma?m?d ,Near East,997/98,SOMEWHERE IN THE NEAR EAST (IRAN?),386,387,Ghaznawid/S?m?nid 
996/97,,N?? ibn Man??r/Ma?m?d ,Near East,997/98,SOMEWHERE IN THE NEAR EAST (IRAN?),386,387,Ghaznawid/S?m?nid 
996/97,,N?? ibn Man??r/Ma?m?d ,Near East,997/98,SOMEWHERE IN THE NEAR EAST (IRAN?),386,387,Ghaznawid/S?m?nid 
996/97,,N?? ibn Man??r/Ma?m?d ,Near East,997/98,SOMEWHERE IN THE NEAR EAST (IRAN?),386,387,Ghaznawid/S?m?nid 
996/97,,N?? ibn Man??r/Ma?m?d ,Near East,997/98,SOMEWHERE IN THE NEAR EAST (IRAN?),386,387,Ghaznawid/S?m?nid 
996/97,,N?? ibn Man??r/Ma?m?d ,Near East,997/98,SOMEWHERE IN THE NEAR EAST (IRAN?),386,387,Ghaznawid/S?m?nid 
996/97,,N?? ibn Man??r/Ma?m?d ,Near East,997/98,SOMEWHERE IN THE NEAR EAST (IRAN?),386,387,Ghaznawid/S?m?nid 
996/97,,N?? ibn Man??r/Ma?m?d ,Near East,997/98,SOMEWHERE IN THE NEAR EAST (IRAN?),386,387,Ghaznawid/S?m?nid 
996/97,,N?? ibn Man??r/Ma?m?d ,Near East,997/98,SOMEWHERE IN THE NEAR EAST (IRAN?),386,387,Ghaznawid/S?m?nid 
996/97,,N?? ibn Man??r/Ma?m?d ,Near East,997/98,SOMEWHERE IN THE NEAR EAST (IRAN?),386,387,Ghaznawid/S?m?nid 
996/97,,N?? ibn Man??r/Ma?m?d ,Near East,997/98,SOMEWHERE IN THE NEAR EAST (IRAN?),386,387,Ghaznawid/S?m?nid 
996/97,,N?? ibn Man??r/Ma?m?d ,Near East,997/98,SOMEWHERE IN THE NEAR EAST (IRAN?),386,387,Ghaznawid/S?m?nid 
996/97,,N?? ibn Man??r/Ma?m?d ,Near East,997/98,SOMEWHERE IN THE NEAR EAST (IRAN?),386,387,Ghaznawid/S?m?nid 
996/97,,N?? ibn Man??r/Ma?m?d ,Near East,997/98,SOMEWHERE IN THE NEAR EAST (IRAN?),386,387,Ghaznawid/S?m?nid 
996/97,,N?? ibn Man??r/Ma?m?d ,Near East,997/98,SOMEWHERE IN THE NEAR EAST (IRAN?),386,387,Ghaznawid/S?m?nid 
996/97,,N?? ibn Man??r/Ma?m?d ,Near East,997/98,SOMEWHERE IN THE NEAR EAST (IRAN?),386,387,Ghaznawid/S?m?nid 
996/97,,N?? ibn Man??r/Ma?m?d ,Near East,997/98,SOMEWHERE IN THE NEAR EAST (IRAN?),386,387,Ghaznawid/S?m?nid 
996/97,,N?? ibn Man??r/Ma?m?d ,Near East,997/98,SOMEWHERE IN THE NEAR EAST (IRAN?),386,387,Ghaznawid/S?m?nid 
996/97,,N?? ibn Man??r/Ma?m?d ,Near East,997/98,SOMEWHERE IN THE NEAR EAST (IRAN?),386,387,Ghaznawid/S?m?nid 
996/97,,N?? ibn Man??r/Ma?m?d ,Near East,997/98,SOMEWHERE IN THE NEAR EAST (IRAN?),386,387,Ghaznawid/S?m?nid 
996/97,,N?? ibn Man??r/Ma?m?d ,Near East,997/98,SOMEWHERE IN THE NEAR EAST (IRAN?),386,387,Ghaznawid/S?m?nid 
996/97,,N?? ibn Man??r/Ma?m?d ,Near East,997/98,SOMEWHERE IN THE NEAR EAST (IRAN?),386,387,Ghaznawid/S?m?nid 
996/97,,N?? ibn Man??r/Ma?m?d ,Near East,997/98,SOMEWHERE IN THE NEAR EAST (IRAN?),386,387,Ghaznawid/S?m?nid 
996/97,,N?? ibn Man??r/Ma?m?d ,Near East,997/98,SOMEWHERE IN THE NEAR EAST (IRAN?),386,387,Ghaznawid/S?m?nid 
996/97,,N?? ibn Man??r/Ma?m?d ,Near East,997/98,SOMEWHERE IN THE NEAR EAST (IRAN?),386,387,Ghaznawid/S?m?nid 
996/97,,N?? ibn Man??r/Ma?m?d ,Near East,997/98,SOMEWHERE IN THE NEAR EAST (IRAN?),386,387,Ghaznawid/S?m?nid 
996/97,,N?? ibn Man??r/Ma?m?d ,Near East,997/98,SOMEWHERE IN THE NEAR EAST (IRAN?),386,387,Ghaznawid/S?m?nid 
996/97,,N?? ibn Man??r/Ma?m?d ,Near East,997/98,SOMEWHERE IN THE NEAR EAST (IRAN?),386,387,Ghaznawid/S?m?nid 
996/97,,N?? ibn Man??r/Ma?m?d ,Near East,997/98,SOMEWHERE IN THE NEAR EAST (IRAN?),386,387,Ghaznawid/S?m?nid 
996/97,,N?? ibn Man??r/Ma?m?d ,Near East,997/98,SOMEWHERE IN THE NEAR EAST (IRAN?),386,387,Ghaznawid/S?m?nid 
996/97,,N?? ibn Man??r/Ma?m?d ,Near East,997/98,SOMEWHERE IN THE NEAR EAST (IRAN?),386,387,Ghaznawid/S?m?nid 
996/97,,N?? ibn Man??r/Ma?m?d ,Near East,997/98,SOMEWHERE IN THE NEAR EAST (IRAN?),386,387,Ghaznawid/S?m?nid 
996/97,,N?? ibn Man??r/Ma?m?d ,Near East,997/98,SOMEWHERE IN THE NEAR EAST (IRAN?),386,387,Ghaznawid/S?m?nid 
996/97,,N?? ibn Man??r/Ma?m?d ,Near East,997/98,SOMEWHERE IN THE NEAR EAST (IRAN?),386,387,Ghaznawid/S?m?nid 
996/97,,N?? ibn Man??r/Ma?m?d ,Near East,997/98,SOMEWHERE IN THE NEAR EAST (IRAN?),386,387,Ghaznawid/S?m?nid 
996/97,,N?? ibn Man??r/Ma?m?d ,Near East,997/98,SOMEWHERE IN THE NEAR EAST (IRAN?),386,387,Ghaznawid/S?m?nid 
996/97,,N?? ibn Man??r/Ma?m?d ,Near East,997/98,SOMEWHERE IN THE NEAR EAST (IRAN?),386,387,Ghaznawid/S?m?nid 
996/97,,N?? ibn Man??r/Ma?m?d ,Near East,997/98,SOMEWHERE IN THE NEAR EAST (IRAN?),386,387,Ghaznawid/S?m?nid 
996/97,,N?? ibn Man??r/Ma?m?d ,Near East,997/98,SOMEWHERE IN THE NEAR EAST (IRAN?),386,387,Ghaznawid/S?m?nid 
996/97,,N?? ibn Man??r/Ma?m?d ,Near East,997/98,SOMEWHERE IN THE NEAR EAST (IRAN?),386,387,Ghaznawid/S?m?nid 
996/97,,N?? ibn Man??r/Ma?m?d ,Near East,997/98,SOMEWHERE IN THE NEAR EAST (IRAN?),386,387,Ghaznawid/S?m?nid 
996/97,,N?? ibn Man??r/Ma?m?d ,Near East,997/98,SOMEWHERE IN THE NEAR EAST (IRAN?),386,387,Ghaznawid/S?m?nid 
996/97,,N?? ibn Man??r/Ma?m?d ,Near East,997/98,SOMEWHERE IN THE NEAR EAST (IRAN?),386,387,Ghaznawid/S?m?nid 
996/97,,N?? ibn Man??r/Ma?m?d ,Near East,997/98,SOMEWHERE IN THE NEAR EAST (IRAN?),386,387,Ghaznawid/S?m?nid 
996/97,,N?? ibn Man??r/Ma?m?d ,Near East,997/98,SOMEWHERE IN THE NEAR EAST (IRAN?),386,387,Ghaznawid/S?m?nid 
996/97,,N?? ibn Man??r/Ma?m?d ,Near East,997/98,SOMEWHERE IN THE NEAR EAST (IRAN?),386,387,Ghaznawid/S?m?nid 
996/97,,N?? ibn Man??r/Ma?m?d ,Near East,997/98,SOMEWHERE IN THE NEAR EAST (IRAN?),386,387,Ghaznawid/S?m?nid 
996/97,,N?? ibn Man??r/Ma?m?d ,Near East,997/98,SOMEWHERE IN THE NEAR EAST (IRAN?),386,387,Ghaznawid/S?m?nid 
996/97,,N?? ibn Man??r/Ma?m?d ,Near East,997/98,SOMEWHERE IN THE NEAR EAST (IRAN?),386,387,Ghaznawid/S?m?nid 
996/97,,N?? ibn Man??r/Ma?m?d ,Near East,997/98,SOMEWHERE IN THE NEAR EAST (IRAN?),386,387,Ghaznawid/S?m?nid 
996/97,,N?? ibn Man??r/Ma?m?d ,Near East,997/98,SOMEWHERE IN THE NEAR EAST (IRAN?),386,387,Ghaznawid/S?m?nid 
996/97,,N?? ibn Man??r/Ma?m?d ,Near East,997/98,SOMEWHERE IN THE NEAR EAST (IRAN?),386,387,Ghaznawid/S?m?nid 
996/97,,N?? ibn Man??r/Ma?m?d ,Near East,997/98,SOMEWHERE IN THE NEAR EAST (IRAN?),386,387,Ghaznawid/S?m?nid 
996/97,,N?? ibn Man??r/Ma?m?d ,Near East,997/98,SOMEWHERE IN THE NEAR EAST (IRAN?),386,387,Ghaznawid/S?m?nid 
996/97,,N?? ibn Man??r/Ma?m?d ,Near East,997/98,SOMEWHERE IN THE NEAR EAST (IRAN?),386,387,Ghaznawid/S?m?nid 
996/97,,N?? ibn Man??r/Ma?m?d ,Near East,997/98,SOMEWHERE IN THE NEAR EAST (IRAN?),386,387,Ghaznawid/S?m?nid 
996/97,,N?? ibn Man??r/Ma?m?d ,Near East,997/98,SOMEWHERE IN THE NEAR EAST (IRAN?),386,387,Ghaznawid/S?m?nid 
996/97,,N?? ibn Man??r/Ma?m?d ,Near East,997/98,SOMEWHERE IN THE NEAR EAST (IRAN?),386,387,Ghaznawid/S?m?nid 
996/97,,N?? ibn Man??r/Ma?m?d ,Near East,997/98,SOMEWHERE IN THE NEAR EAST (IRAN?),386,387,Ghaznawid/S?m?nid 
996/97,,N?? ibn Man??r/Ma?m?d ,Near East,997/98,SOMEWHERE IN THE NEAR EAST (IRAN?),386,387,Ghaznawid/S?m?nid 
996/97,,N?? ibn Man??r/Ma?m?d ,Near East,997/98,SOMEWHERE IN THE NEAR EAST (IRAN?),386,387,Ghaznawid/S?m?nid 
996/97,,N?? ibn Man??r/Ma?m?d ,Near East,997/98,SOMEWHERE IN THE NEAR EAST (IRAN?),386,387,Ghaznawid/S?m?nid 
996/97,,N?? ibn Man??r/Ma?m?d ,Near East,997/98,SOMEWHERE IN THE NEAR EAST (IRAN?),386,387,Ghaznawid/S?m?nid 
996/97,,N?? ibn Man??r/Ma?m?d ,Near East,997/98,SOMEWHERE IN THE NEAR EAST (IRAN?),386,387,Ghaznawid/S?m?nid 
996/97,,N?? ibn Man??r/Ma?m?d ,Near East,997/98,SOMEWHERE IN THE NEAR EAST (IRAN?),386,387,Ghaznawid/S?m?nid 
996/97,,N?? ibn Man??r/Ma?m?d ,Near East,997/98,SOMEWHERE IN THE NEAR EAST (IRAN?),386,387,Ghaznawid/S?m?nid 
996/97,,N?? ibn Man??r/Ma?m?d ,Near East,997/98,SOMEWHERE IN THE NEAR EAST (IRAN?),386,387,Ghaznawid/S?m?nid 
996/97,,N?? ibn Man??r/Ma?m?d ,Near East,997/98,SOMEWHERE IN THE NEAR EAST (IRAN?),386,387,Ghaznawid/S?m?nid 
996/97,,N?? ibn Man??r/Ma?m?d ,Near East,997/98,SOMEWHERE IN THE NEAR EAST (IRAN?),386,387,Ghaznawid/S?m?nid 
996/97,,N?? ibn Man??r/Ma?m?d ,Near East,997/98,SOMEWHERE IN THE NEAR EAST (IRAN?),386,387,Ghaznawid/S?m?nid 
996/97,,N?? ibn Man??r/Ma?m?d ,Near East,997/98,SOMEWHERE IN THE NEAR EAST (IRAN?),386,387,Ghaznawid/S?m?nid 
996/97,,N?? ibn Man??r/Ma?m?d ,Near East,997/98,SOMEWHERE IN THE NEAR EAST (IRAN?),386,387,Ghaznawid/S?m?nid 
996/97,,N?? ibn Man??r/Ma?m?d ,Near East,997/98,SOMEWHERE IN THE NEAR EAST (IRAN?),386,387,Ghaznawid/S?m?nid 
996/97,,N?? ibn Man??r/Ma?m?d ,Near East,997/98,SOMEWHERE IN THE NEAR EAST (IRAN?),386,387,Ghaznawid/S?m?nid 
996/97,,N?? ibn Man??r/Ma?m?d ,Near East,997/98,SOMEWHERE IN THE NEAR EAST (IRAN?),386,387,Ghaznawid/S?m?nid 
996/97,,N?? ibn Man??r/Ma?m?d ,Near East,997/98,SOMEWHERE IN THE NEAR EAST (IRAN?),386,387,Ghaznawid/S?m?nid 
996/97,,N?? ibn Man??r/Ma?m?d ,Near East,997/98,SOMEWHERE IN THE NEAR EAST (IRAN?),386,387,Ghaznawid/S?m?nid 
996/97,,N?? ibn Man??r/Ma?m?d ,Near East,997/98,SOMEWHERE IN THE NEAR EAST (IRAN?),386,387,Ghaznawid/S?m?nid 
996/97,,N?? ibn Man??r/Ma?m?d ,Near East,997/98,SOMEWHERE IN THE NEAR EAST (IRAN?),386,387,Ghaznawid/S?m?nid 
996/97,,N?? ibn Man??r/Ma?m?d ,Near East,997/98,SOMEWHERE IN THE NEAR EAST (IRAN?),386,387,Ghaznawid/S?m?nid 
996/97,,N?? ibn Man??r/Ma?m?d ,Near East,997/98,SOMEWHERE IN THE NEAR EAST (IRAN?),386,387,Ghaznawid/S?m?nid 
996/97,,N?? ibn Man??r/Ma?m?d ,Near East,997/98,SOMEWHERE IN THE NEAR EAST (IRAN?),386,387,Ghaznawid/S?m?nid 
996/97,,N?? ibn Man??r/Ma?m?d ,Near East,997/98,SOMEWHERE IN THE NEAR EAST (IRAN?),386,387,Ghaznawid/S?m?nid 
996/97,,N?? ibn Man??r/Ma?m?d ,Near East,997/98,SOMEWHERE IN THE NEAR EAST (IRAN?),386,387,Ghaznawid/S?m?nid 
996/97,,N?? ibn Man??r/Ma?m?d ,Near East,997/98,SOMEWHERE IN THE NEAR EAST (IRAN?),386,387,Ghaznawid/S?m?nid 
996/97,,N?? ibn Man??r/Ma?m?d ,Near East,997/98,SOMEWHERE IN THE NEAR EAST (IRAN?),386,387,Ghaznawid/S?m?nid 
996/97,,N?? ibn Man??r/Ma?m?d ,Near East,997/98,SOMEWHERE IN THE NEAR EAST (IRAN?),386,387,Ghaznawid/S?m?nid 
996/97,,N?? ibn Man??r/Ma?m?d ,Near East,997/98,SOMEWHERE IN THE NEAR EAST (IRAN?),386,387,Ghaznawid/S?m?nid 
996/97,,N?? ibn Man??r/Ma?m?d ,Near East,997/98,SOMEWHERE IN THE NEAR EAST (IRAN?),386,387,Ghaznawid/S?m?nid 
996/97,,N?? ibn Man??r/Ma?m?d ,Near East,997/98,SOMEWHERE IN THE NEAR EAST (IRAN?),386,387,Ghaznawid/S?m?nid 
996/97,,N?? ibn Man??r/Ma?m?d ,Near East,997/98,SOMEWHERE IN THE NEAR EAST (IRAN?),386,387,Ghaznawid/S?m?nid 
996/97,,N?? ibn Man??r/Ma?m?d ,Near East,997/98,SOMEWHERE IN THE NEAR EAST (IRAN?),386,387,Ghaznawid/S?m?nid 
996/97,,N?? ibn Man??r/Ma?m?d ,Near East,997/98,SOMEWHERE IN THE NEAR EAST (IRAN?),386,387,Ghaznawid/S?m?nid 
996/97,,N?? ibn Man??r/Ma?m?d ,Near East,997/98,SOMEWHERE IN THE NEAR EAST (IRAN?),386,387,Ghaznawid/S?m?nid 
996/97,,N?? ibn Man??r/Ma?m?d ,Near East,997/98,SOMEWHERE IN THE NEAR EAST (IRAN?),386,387,Ghaznawid/S?m?nid 
996/97,,N?? ibn Man??r/Ma?m?d ,Near East,997/98,SOMEWHERE IN THE NEAR EAST (IRAN?),386,387,Ghaznawid/S?m?nid 
996/97,,N?? ibn Man??r/Ma?m?d ,Near East,997/98,SOMEWHERE IN THE NEAR EAST (IRAN?),386,387,Ghaznawid/S?m?nid 
996/97,,N?? ibn Man??r/Ma?m?d ,Near East,997/98,SOMEWHERE IN THE NEAR EAST (IRAN?),386,387,Ghaznawid/S?m?nid 
996/97,,N?? ibn Man??r/Ma?m?d ,Near East,997/98,SOMEWHERE IN THE NEAR EAST (IRAN?),386,387,Ghaznawid/S?m?nid 
996/97,,N?? ibn Man??r/Ma?m?d ,Near East,997/98,SOMEWHERE IN THE NEAR EAST (IRAN?),386,387,Ghaznawid/S?m?nid 
996/97,,N?? ibn Man??r/Ma?m?d ,Near East,997/98,SOMEWHERE IN THE NEAR EAST (IRAN?),386,387,Ghaznawid/S?m?nid 
996/97,,N?? ibn Man??r/Ma?m?d ,Near East,997/98,SOMEWHERE IN THE NEAR EAST (IRAN?),386,387,Ghaznawid/S?m?nid 
996/97,,N?? ibn Man??r/Ma?m?d ,Near East,997/98,SOMEWHERE IN THE NEAR EAST (IRAN?),386,387,Ghaznawid/S?m?nid 
996/97,,N?? ibn Man??r/Ma?m?d ,Near East,997/98,SOMEWHERE IN THE NEAR EAST (IRAN?),386,387,Ghaznawid/S?m?nid 
996/97,,N?? ibn Man??r/Ma?m?d ,Near East,997/98,SOMEWHERE IN THE NEAR EAST (IRAN?),386,387,Ghaznawid/S?m?nid 
996/97,,N?? ibn Man??r/Ma?m?d ,Near East,997/98,SOMEWHERE IN THE NEAR EAST (IRAN?),386,387,Ghaznawid/S?m?nid 
996/97,,N?? ibn Man??r/Ma?m?d ,Near East,997/98,SOMEWHERE IN THE NEAR EAST (IRAN?),386,387,Ghaznawid/S?m?nid 
996/97,,N?? ibn Man??r/Ma?m?d ,Near East,997/98,SOMEWHERE IN THE NEAR EAST (IRAN?),386,387,Ghaznawid/S?m?nid 
996/97,,N?? ibn Man??r/Ma?m?d ,Near East,997/98,SOMEWHERE IN THE NEAR EAST (IRAN?),386,387,Ghaznawid/S?m?nid 
996/97,,N?? ibn Man??r/Ma?m?d ,Near East,997/98,SOMEWHERE IN THE NEAR EAST (IRAN?),386,387,Ghaznawid/S?m?nid 
996/97,,N?? ibn Man??r/Ma?m?d ,Near East,997/98,SOMEWHERE IN THE NEAR EAST (IRAN?),386,387,Ghaznawid/S?m?nid 
996/97,,N?? ibn Man??r/Ma?m?d ,Near East,997/98,SOMEWHERE IN THE NEAR EAST (IRAN?),386,387,Ghaznawid/S?m?nid 
996/97,,N?? ibn Man??r/Ma?m?d ,Near East,997/98,SOMEWHERE IN THE NEAR EAST (IRAN?),386,387,Ghaznawid/S?m?nid 
996/97,,N?? ibn Man??r/Ma?m?d ,Near East,997/98,SOMEWHERE IN THE NEAR EAST (IRAN?),386,387,Ghaznawid/S?m?nid 
996/97,,N?? ibn Man??r/Ma?m?d ,Near East,997/98,SOMEWHERE IN THE NEAR EAST (IRAN?),386,387,Ghaznawid/S?m?nid 
996/97,,N?? ibn Man??r/Ma?m?d ,Near East,997/98,SOMEWHERE IN THE NEAR EAST (IRAN?),386,387,Ghaznawid/S?m?nid 
996/97,,N?? ibn Man??r/Ma?m?d ,Near East,997/98,SOMEWHERE IN THE NEAR EAST (IRAN?),386,387,Ghaznawid/S?m?nid 
996/97,,N?? ibn Man??r/Ma?m?d ,Near East,997/98,SOMEWHERE IN THE NEAR EAST (IRAN?),386,387,Ghaznawid/S?m?nid 
996/97,,N?? ibn Man??r/Ma?m?d ,Near East,997/98,SOMEWHERE IN THE NEAR EAST (IRAN?),386,387,Ghaznawid/S?m?nid 
996/97,,N?? ibn Man??r/Ma?m?d ,Near East,997/98,SOMEWHERE IN THE NEAR EAST (IRAN?),386,387,Ghaznawid/S?m?nid 
996/97,,N?? ibn Man??r/Ma?m?d ,Near East,997/98,SOMEWHERE IN THE NEAR EAST (IRAN?),386,387,Ghaznawid/S?m?nid 
996/97,,N?? ibn Man??r/Ma?m?d ,Near East,997/98,SOMEWHERE IN THE NEAR EAST (IRAN?),386,387,Ghaznawid/S?m?nid 
996/97,,N?? ibn Man??r/Ma?m?d ,Near East,997/98,SOMEWHERE IN THE NEAR EAST (IRAN?),386,387,Ghaznawid/S?m?nid 
996/97,,N?? ibn Man??r/Ma?m?d ,Near East,997/98,SOMEWHERE IN THE NEAR EAST (IRAN?),386,387,Ghaznawid/S?m?nid 
996/97,,N?? ibn Man??r/Ma?m?d ,Near East,997/98,SOMEWHERE IN THE NEAR EAST (IRAN?),386,387,Ghaznawid/S?m?nid 
996/97,,N?? ibn Man??r/Ma?m?d ,Near East,997/98,SOMEWHERE IN THE NEAR EAST (IRAN?),386,387,Ghaznawid/S?m?nid 
996/97,,N?? ibn Man??r/Ma?m?d ,Near East,997/98,SOMEWHERE IN THE NEAR EAST (IRAN?),386,387,Ghaznawid/S?m?nid 
996/97,,N?? ibn Man??r/Ma?m?d ,Near East,997/98,SOMEWHERE IN THE NEAR EAST (IRAN?),386,387,Ghaznawid/S?m?nid 
996/97,,N?? ibn Man??r/Ma?m?d ,Near East,997/98,SOMEWHERE IN THE NEAR EAST (IRAN?),386,387,Ghaznawid/S?m?nid 
996/97,,N?? ibn Man??r/Ma?m?d ,Near East,997/98,SOMEWHERE IN THE NEAR EAST (IRAN?),386,387,Ghaznawid/S?m?nid 
996/97,,N?? ibn Man??r/Ma?m?d ,Near East,997/98,SOMEWHERE IN THE NEAR EAST (IRAN?),386,387,Ghaznawid/S?m?nid 
996/97,,N?? ibn Man??r/Ma?m?d ,Near East,997/98,SOMEWHERE IN THE NEAR EAST (IRAN?),386,387,Ghaznawid/S?m?nid 
996/97,,N?? ibn Man??r/Ma?m?d ,Near East,997/98,SOMEWHERE IN THE NEAR EAST (IRAN?),386,387,Ghaznawid/S?m?nid 
996/97,,N?? ibn Man??r/Ma?m?d ,Near East,997/98,SOMEWHERE IN THE NEAR EAST (IRAN?),386,387,Ghaznawid/S?m?nid 
996/97,,N?? ibn Man??r/Ma?m?d ,Near East,997/98,SOMEWHERE IN THE NEAR EAST (IRAN?),386,387,Ghaznawid/S?m?nid 
996/97,,N?? ibn Man??r/Ma?m?d ,Near East,997/98,SOMEWHERE IN THE NEAR EAST (IRAN?),386,387,Ghaznawid/S?m?nid 
996/97,,N?? ibn Man??r/Ma?m?d ,Near East,997/98,SOMEWHERE IN THE NEAR EAST (IRAN?),386,387,Ghaznawid/S?m?nid 
996/97,,N?? ibn Man??r/Ma?m?d ,Near East,997/98,SOMEWHERE IN THE NEAR EAST (IRAN?),386,387,Ghaznawid/S?m?nid 
996/97,,N?? ibn Man??r/Ma?m?d ,Near East,997/98,SOMEWHERE IN THE NEAR EAST (IRAN?),386,387,Ghaznawid/S?m?nid 
996/97,,N?? ibn Man??r/Ma?m?d ,Near East,997/98,SOMEWHERE IN THE NEAR EAST (IRAN?),386,387,Ghaznawid/S?m?nid 
996/97,,N?? ibn Man??r/Ma?m?d ,Near East,997/98,SOMEWHERE IN THE NEAR EAST (IRAN?),386,387,Ghaznawid/S?m?nid 
996/97,,N?? ibn Man??r/Ma?m?d ,Near East,997/98,SOMEWHERE IN THE NEAR EAST (IRAN?),386,387,Ghaznawid/S?m?nid 
996/97,,N?? ibn Man??r/Ma?m?d ,Near East,997/98,SOMEWHERE IN THE NEAR EAST (IRAN?),386,387,Ghaznawid/S?m?nid 
996/97,,N?? ibn Man??r/Ma?m?d ,Near East,997/98,SOMEWHERE IN THE NEAR EAST (IRAN?),386,387,Ghaznawid/S?m?nid 
996/97,,N?? ibn Man??r/Ma?m?d ,Near East,997/98,SOMEWHERE IN THE NEAR EAST (IRAN?),386,387,Ghaznawid/S?m?nid 
996/97,,N?? ibn Man??r/Ma?m?d ,Near East,997/98,SOMEWHERE IN THE NEAR EAST (IRAN?),386,387,Ghaznawid/S?m?nid 
996/97,,N?? ibn Man??r/Ma?m?d ,Near East,997/98,SOMEWHERE IN THE NEAR EAST (IRAN?),386,387,Ghaznawid/S?m?nid 
996/97,,N?? ibn Man??r/Ma?m?d ,Near East,997/98,SOMEWHERE IN THE NEAR EAST (IRAN?),386,387,Ghaznawid/S?m?nid 
996/97,,N?? ibn Man??r/Ma?m?d ,Near East,997/98,SOMEWHERE IN THE NEAR EAST (IRAN?),386,387,Ghaznawid/S?m?nid 
996/97,,N?? ibn Man??r/Ma?m?d ,Near East,997/98,SOMEWHERE IN THE NEAR EAST (IRAN?),386,387,Ghaznawid/S?m?nid 
996/97,,N?? ibn Man??r/Ma?m?d ,Near East,997/98,SOMEWHERE IN THE NEAR EAST (IRAN?),386,387,Ghaznawid/S?m?nid 
996/97,,N?? ibn Man??r/Ma?m?d ,Near East,997/98,SOMEWHERE IN THE NEAR EAST (IRAN?),386,387,Ghaznawid/S?m?nid 
996/97,,N?? ibn Man??r/Ma?m?d ,Near East,997/98,SOMEWHERE IN THE NEAR EAST (IRAN?),386,387,Ghaznawid/S?m?nid 
996/97,,N?? ibn Man??r/Ma?m?d ,Near East,997/98,SOMEWHERE IN THE NEAR EAST (IRAN?),386,387,Ghaznawid/S?m?nid 
996/97,,N?? ibn Man??r/Ma?m?d ,Near East,997/98,SOMEWHERE IN THE NEAR EAST (IRAN?),386,387,Ghaznawid/S?m?nid 
996/97,,N?? ibn Man??r/Ma?m?d ,Near East,997/98,SOMEWHERE IN THE NEAR EAST (IRAN?),386,387,Ghaznawid/S?m?nid 
996/97,,N?? ibn Man??r/Ma?m?d ,Near East,997/98,SOMEWHERE IN THE NEAR EAST (IRAN?),386,387,Ghaznawid/S?m?nid 
996/97,,N?? ibn Man??r/Ma?m?d ,Near East,997/98,SOMEWHERE IN THE NEAR EAST (IRAN?),386,387,Ghaznawid/S?m?nid 
996/97,,N?? ibn Man??r/Ma?m?d ,Near East,997/98,SOMEWHERE IN THE NEAR EAST (IRAN?),386,387,Ghaznawid/S?m?nid 
996/97,,N?? ibn Man??r/Ma?m?d ,Near East,997/98,SOMEWHERE IN THE NEAR EAST (IRAN?),386,387,Ghaznawid/S?m?nid 
996/97,,N?? ibn Man??r/Ma?m?d ,Near East,997/98,SOMEWHERE IN THE NEAR EAST (IRAN?),386,387,Ghaznawid/S?m?nid 
996/97,,N?? ibn Man??r/Ma?m?d ,Near East,997/98,SOMEWHERE IN THE NEAR EAST (IRAN?),386,387,Ghaznawid/S?m?nid 
996/97,,N?? ibn Man??r/Ma?m?d ,Near East,997/98,SOMEWHERE IN THE NEAR EAST (IRAN?),386,387,Ghaznawid/S?m?nid 
996/97,,N?? ibn Man??r/Ma?m?d ,Near East,997/98,SOMEWHERE IN THE NEAR EAST (IRAN?),386,387,Ghaznawid/S?m?nid 
996/97,,N?? ibn Man??r/Ma?m?d ,Near East,997/98,SOMEWHERE IN THE NEAR EAST (IRAN?),386,387,Ghaznawid/S?m?nid 
996/97,,N?? ibn Man??r/Ma?m?d ,Near East,997/98,SOMEWHERE IN THE NEAR EAST (IRAN?),386,387,Ghaznawid/S?m?nid 
996/97,,N?? ibn Man??r/Ma?m?d ,Near East,997/98,SOMEWHERE IN THE NEAR EAST (IRAN?),386,387,Ghaznawid/S?m?nid 
996/97,,N?? ibn Man??r/Ma?m?d ,Near East,997/98,SOMEWHERE IN THE NEAR EAST (IRAN?),386,387,Ghaznawid/S?m?nid 
996/97,,N?? ibn Man??r/Ma?m?d ,Near East,997/98,SOMEWHERE IN THE NEAR EAST (IRAN?),386,387,Ghaznawid/S?m?nid 
996/97,,N?? ibn Man??r/Ma?m?d ,Near East,997/98,SOMEWHERE IN THE NEAR EAST (IRAN?),386,387,Ghaznawid/S?m?nid 
996/97,,N?? ibn Man??r/Ma?m?d ,Near East,997/98,SOMEWHERE IN THE NEAR EAST (IRAN?),386,387,Ghaznawid/S?m?nid 
996/97,,N?? ibn Man??r/Ma?m?d ,Near East,997/98,SOMEWHERE IN THE NEAR EAST (IRAN?),386,387,Ghaznawid/S?m?nid 
996/97,,N?? ibn Man??r/Ma?m?d ,Near East,997/98,SOMEWHERE IN THE NEAR EAST (IRAN?),386,387,Ghaznawid/S?m?nid 
996/97,,N?? ibn Man??r/Ma?m?d ,Near East,997/98,SOMEWHERE IN THE NEAR EAST (IRAN?),386,387,Ghaznawid/S?m?nid 
996/97,,N?? ibn Man??r/Ma?m?d ,Near East,997/98,SOMEWHERE IN THE NEAR EAST (IRAN?),386,387,Ghaznawid/S?m?nid 
996/97,,N?? ibn Man??r/Ma?m?d ,Near East,997/98,SOMEWHERE IN THE NEAR EAST (IRAN?),386,387,Ghaznawid/S?m?nid 
996/97,,N?? ibn Man??r/Ma?m?d ,Near East,997/98,SOMEWHERE IN THE NEAR EAST (IRAN?),386,387,Ghaznawid/S?m?nid 
996/97,,N?? ibn Man??r/Ma?m?d ,Near East,997/98,SOMEWHERE IN THE NEAR EAST (IRAN?),386,387,Ghaznawid/S?m?nid 
996/97,,N?? ibn Man??r/Ma?m?d ,Near East,997/98,SOMEWHERE IN THE NEAR EAST (IRAN?),386,387,Ghaznawid/S?m?nid 
998/999,,Ma?m?d,Near East,997/99,SOMEWHERE IN THE NEAR EAST (IRAN?),387,387,Ghaznawid/S?m?nid 
997/98,,N?? ibn Man??r/Ma?m?d ,Near East,997/98,SOMEWHERE IN THE NEAR EAST (IRAN?),387,387,Ghaznawid/S?m?nid 
997/98,,N?? ibn Man??r/Ma?m?d ,Near East,997/98,SOMEWHERE IN THE NEAR EAST (IRAN?),387,387,Ghaznawid/S?m?nid 
997/98,,N?? ibn Man??r/Ma?m?d ,Near East,997/98,SOMEWHERE IN THE NEAR EAST (IRAN?),387,387,Ghaznawid/S?m?nid 
997/98,,N?? ibn Man??r/Ma?m?d ,Near East,997/98,SOMEWHERE IN THE NEAR EAST (IRAN?),387,387,Ghaznawid/S?m?nid 
997/98,,N?? ibn Man??r/Ma?m?d ,Near East,997/98,SOMEWHERE IN THE NEAR EAST (IRAN?),387,387,Ghaznawid/S?m?nid 
997/98,,N?? ibn Man??r/Ma?m?d ,Near East,997/98,SOMEWHERE IN THE NEAR EAST (IRAN?),387,387,Ghaznawid/S?m?nid 
997/98,,N?? ibn Man??r/Ma?m?d ,Near East,997/98,SOMEWHERE IN THE NEAR EAST (IRAN?),387,387,Ghaznawid/S?m?nid 
997/98,,N?? ibn Man??r/Ma?m?d ,Near East,997/98,SOMEWHERE IN THE NEAR EAST (IRAN?),387,387,Ghaznawid/S?m?nid 
997/98,,N?? ibn Man??r/Ma?m?d ,Near East,997/98,SOMEWHERE IN THE NEAR EAST (IRAN?),387,387,Ghaznawid/S?m?nid 
997/98,,N?? ibn Man??r/Ma?m?d ,Near East,997/98,SOMEWHERE IN THE NEAR EAST (IRAN?),387,387,Ghaznawid/S?m?nid 
997/98,,N?? ibn Man??r/Ma?m?d ,Near East,997/98,SOMEWHERE IN THE NEAR EAST (IRAN?),387,387,Ghaznawid/S?m?nid 
997/98,,N?? ibn Man??r/Ma?m?d ,Near East,997/98,SOMEWHERE IN THE NEAR EAST (IRAN?),387,387,Ghaznawid/S?m?nid 
997/98,,N?? ibn Man??r/Ma?m?d ,Near East,997/98,SOMEWHERE IN THE NEAR EAST (IRAN?),387,387,Ghaznawid/S?m?nid 
997/98,,N?? ibn Man??r/Ma?m?d ,Near East,997/98,SOMEWHERE IN THE NEAR EAST (IRAN?),387,387,Ghaznawid/S?m?nid 
997/98,,N?? ibn Man??r/Ma?m?d ,Near East,997/98,SOMEWHERE IN THE NEAR EAST (IRAN?),387,387,Ghaznawid/S?m?nid 
997/98,,N?? ibn Man??r/Ma?m?d ,Near East,997/98,SOMEWHERE IN THE NEAR EAST (IRAN?),387,387,Ghaznawid/S?m?nid 
997/98,,N?? ibn Man??r/Ma?m?d ,Near East,997/98,SOMEWHERE IN THE NEAR EAST (IRAN?),387,387,Ghaznawid/S?m?nid 
997/98,,N?? ibn Man??r/Ma?m?d ,Near East,997/98,SOMEWHERE IN THE NEAR EAST (IRAN?),387,387,Ghaznawid/S?m?nid 
997/98,,N?? ibn Man??r/Ma?m?d ,Near East,997/98,SOMEWHERE IN THE NEAR EAST (IRAN?),387,387,Ghaznawid/S?m?nid 
997/98,,N?? ibn Man??r/Ma?m?d ,Near East,997/98,SOMEWHERE IN THE NEAR EAST (IRAN?),387,387,Ghaznawid/S?m?nid 
997/98,,N?? ibn Man??r/Ma?m?d ,Near East,997/98,SOMEWHERE IN THE NEAR EAST (IRAN?),387,387,Ghaznawid/S?m?nid 
997/98,,N?? ibn Man??r/Ma?m?d ,Near East,997/98,SOMEWHERE IN THE NEAR EAST (IRAN?),387,387,Ghaznawid/S?m?nid 
997/98,,N?? ibn Man??r/Ma?m?d ,Near East,997/98,SOMEWHERE IN THE NEAR EAST (IRAN?),387,387,Ghaznawid/S?m?nid 
997/98,,N?? ibn Man??r/Ma?m?d ,Near East,997/98,SOMEWHERE IN THE NEAR EAST (IRAN?),387,387,Ghaznawid/S?m?nid 
997/98,,N?? ibn Man??r/Ma?m?d ,Near East,997/98,SOMEWHERE IN THE NEAR EAST (IRAN?),387,387,Ghaznawid/S?m?nid 
997/98,,N?? ibn Man??r/Ma?m?d ,Near East,997/98,SOMEWHERE IN THE NEAR EAST (IRAN?),387,387,Ghaznawid/S?m?nid 
997/98,,N?? ibn Man??r/Ma?m?d ,Near East,997/98,SOMEWHERE IN THE NEAR EAST (IRAN?),387,387,Ghaznawid/S?m?nid 
997/98,,N?? ibn Man??r/Ma?m?d ,Near East,997/98,SOMEWHERE IN THE NEAR EAST (IRAN?),387,387,Ghaznawid/S?m?nid 
997/98,,N?? ibn Man??r/Ma?m?d ,Near East,997/98,SOMEWHERE IN THE NEAR EAST (IRAN?),387,387,Ghaznawid/S?m?nid 
997/98,,N?? ibn Man??r/Ma?m?d ,Near East,997/98,SOMEWHERE IN THE NEAR EAST (IRAN?),387,387,Ghaznawid/S?m?nid 
997/98,,N?? ibn Man??r,Central Asia,1003/04,MAKHTU,387,394,Samanid
997/98,,N?? ibn Man??r,Central Asia,1003/04,MAKHTU,387,394,Samanid
998/99,,N?? ibn Man??r,Central Asia,1003/04,MAKHTU,389,394,Samanid
998/99,,N?? ibn Man??r,Central Asia,1003/04,MAKHTU,389,394,Samanid
999/1000,,N?? ibn Man??r,Central Asia,1003/04,MAKHTU,390,394,Samanid
999/1000,,N?? ibn Man??r,Central Asia,1003/04,MAKHTU,390,394,Samanid
1000/01,,N?? ibn Man??r,Central Asia,1003/04,MAKHTU,391,394,Samanid
1002/03,,N?? ibn Man??r,Central Asia,1003/04,MAKHTU,393,394,Samanid
1002/03,,N?? ibn Man??r,Central Asia,1003/04,MAKHTU,393,394,Samanid
1003/04,,N?? ibn Man??r,Central Asia,1003/04,MAKHTU,394,394,Samanid
935/36,,,Sweden,1023,PROSTARVE,324,414,cAbb?sid 
961/62,,,Sweden,1024,PROSTARVE,350,415,?amd?nid 
919/20,3.26,A?mad ibn Sahl ibn H?shim ,Sweden,964/65,SMEDBY,307,353,Rebel
913/14,,Is??q ibn A?mad ,Sweden,973,MÅRTENS,301,363,Rebel
895/96,, cAmr ibn Layth ,Eastern Europe,906/08,KIEV V,282,294,Saffarid
987/88 ,,Ab? cAl? al-?usayn ,Eastern Europe,1008/09,DENISY,377,399,Simjurid
987/88 ,,Ab? cAl? al-?usayn ,Eastern Europe,1008/09,DENISY,377,399,Simjurid
987/88 ,,Ab? cAl? al-?usayn ,Eastern Europe,1008/09,DENISY,377,399,Simjurid
987/88,,Ab? cAl? al-?usayn ,Eastern Europe,1008/09,DENISY,377,399,Simjurid
987/88,,Ab? cAl? al-?usayn ,Eastern Europe,1008/09,DENISY,377,399,Simjurid
987/88,,Ab? cAl? al-?usayn ,Eastern Europe,1008/09,DENISY,377,399,Simjurid
989/90,,Ab? cAl? al-?usayn ,Eastern Europe,1008/09,DENISY,379,399,Simjurid
990/91,,Ab? cAl? Mu?ammad ,Eastern Europe,1008/09,DENISY,380,399,Simjurid
994/95 ,,Ab? cAl? Mu?ammad ,Eastern Europe,1008/09,DENISY,384,399,Simjurid
994/95 ,,Ab? cAl? Mu?ammad ,Eastern Europe,1008/09,DENISY,384,399,Simjurid
994/95 ,,Ab? cAl? Mu?ammad ,Eastern Europe,1008/09,DENISY,384,399,Simjurid
995/96 ,,Ab? cAl? Mu?ammad ,Eastern Europe,1008/09,DENISY,385,399,Simjurid
990/91,,Ab? cAl? Mu?ammad ,Eastern Europe,1008/09,DENISY,380,399,Simjurid
990/91,,Ab? cAl? Mu?ammad ,Eastern Europe,1008/09,DENISY,380,399,Simjurid
990/91,,Ab? cAl? Mu?ammad ,Eastern Europe,1008/09,DENISY,380,399,Simjurid
990/91,,Ab? cAl? Mu?ammad ,Eastern Europe,1008/09,DENISY,380,399,Simjurid
990/91,,Ab? cAl? Mu?ammad ,Eastern Europe,1008/09,DENISY,380,399,Simjurid
991/92,,Na?r al-Dawlah ,Eastern Europe,1008/09,KRESHCHENYI BARAN,381,399,Simjurid
982/83,2.58,N?? ibn Man??r and Na?r al-Dawlah ,Eastern Europe,1008/09,KRESHCHENYI BARAN,372,399,Simjurid
984/85,3.39,N?? ibn Man??r and Na?r al-Dawlah ,Eastern Europe,1008/09,KRESHCHENYI BARAN,374,399,Simjurid
921/22,2.99,Loyl? ibn Nucman ,Sweden,934/35,HAFFINDS,309,323,Zaydids
895/96,,,Denmark,960,TERSLEV,282,349,cAbb?sid
895/97,,cAmr ibn Layth ,Poland,917/18,OPALENIE,282,305,Saffarid
897/98,5.15,cAmr ibn Layth ,Southeast Baltic,951/52,SAUE (FRIEDRICHSHOF),284,340,Saffarid
897/98,5.82,cAmr ibn Layth ,Denmark,952/53,KANNIKEGÆRDE,284,341,Saffarid
946/47,,,Poland,978/79,OBRZYCKO,335,368,cAbb?sid 
