Date,Weight (i,Leader,Region,TPQ,Hoard Name,Hegira Date,Hegira TPQ
920/21,2.01,?r ibn A?mad,Near East,936/37,ISFAHAN ,308,325
926/27,2.24,?r ibn A?mad,Near East,961/62,NEAR EAS,314,350
939/40,2.25,?r ibn A?mad,Near East,961/62,NEAR EAS,328,350
942/43,2.4,?r ibn A?mad,Sweden,975,GÅSHAGE,331,365
939/40,2.4,?r ibn A?mad,Sweden,991,HÄGVALD,328,381
926/27,2.45,?r ibn A?mad,Sweden,955/56,BURGE ,314,344
919/20,2.46,?r ibn A?mad,Sweden,952/53,TUER ,307,341
919/20,2.48,?r ibn A?mad,Sweden,953/54,PETSARVE,307,342
918/19,2.5,?r ibn A?mad,Near East,936/37,ISFAHAN ,306,325
939/40,2.51,?r ibn A?mad,Sweden,997,HÄGDARV,328,397
935/36,2.54,?r ibn A?mad,Sweden,958/59,PAVALDS ,324,347
925/26,2.64,?r ibn A?mad,Russia,935/36,MARAMA,313,324
902/03,2.65,?r ibn A?mad,Sweden,944/45,GANNAR,290,333
935/36,2.66,?r ibn A?mad,Sweden,952/53,TUER ,324,341
936/37,2.7,?r ibn A?mad,Sweden,964/65,SMEDBY ,325,353
934/35,2.7,?r ibn A?mad,Sweden,991,HÄGVALD,323,381
939/40,2.72,?r ibn A?mad,Sweden,955/56,BURGE ,328,344
925/26,2.72,?r ibn A?mad,Sweden,994,KVARNE (,313,384
925/26,2.74,?r ibn A?mad,Sweden,961/62,BJÄRS/BJE,313,350
919/20,2.75,?r ibn A?mad,Southeast Baltic,979,KEHRA,307,369
933,2.76,?r ibn A?mad,Sweden,957/58,STORA VE,321,346
932/33,2.76,?r ibn A?mad,Sweden,958/59,PAVALDS ,320,347
935/36,2.77,?r ibn A?mad,Sweden,991,HÄGVALD,324,381
935/36,2.77,?r ibn A?mad,Southeast Baltic,945/46,V LAIKIAI ,324,334
918/19,2.78,?r ibn A?mad,Sweden,972/73,GÖSTAFS/,306,362
922/23,2.78,?r ibn A?mad,Sweden,991,HÄGVALD,310,381
935/36,2.79,?r ibn A?mad,Sweden,1017,EKESKOGS,324,408
922/23,2.79,?r ibn A?mad,Sweden,957/58,STORA VE,310,346
939/40,2.8,?r ibn A?mad,Sweden,958/59,RONDARV,328,347
935/36,2.8,?r ibn A?mad,Sweden,976/77,ÖVIDE/U,324,366
935/36,2.81,?r ibn A?mad,Sweden,1053,SIGSARVE ,324,445
934/35,2.82,?r ibn A?mad,Sweden,957/58,HÄFFINDS,323,346
933,2.84,?r ibn A?mad,Russia,957/58,ZVENICHE,321,346
936/37,2.84,?r ibn A?mad,Sweden,954/55,YXNARUM,325,343
932/33,2.85,?r ibn A?mad,Sweden,1039,KARLS ,320,431
921/22,2.85,?r ibn A?mad,Sweden,944/45,GANNAR,309,333
932/33,2.85,?r ibn A?mad,Sweden,957/58,HÄFFINDS,320,346
935/36,2.86,?r ibn A?mad,Sweden,957/58,STORA VE,324,346
935/36,2.87,?r ibn A?mad,Sweden,957/58,HÄFFINDS,324,346
914/15,2.88,?r ibn A?mad,Sweden,957/58,HÄFFINDS,302,346
934/35,2.88,?r ibn A?mad,Sweden,991,FÖLHAGE,323,381
920,2.9,?r ibn A?mad,Sweden,1029,KVIENDE ,308,420
941/42,2.9,?r ibn A?mad,Sweden,976/77,ÖVIDE/U,330,366
935/36,2.91,?r ibn A?mad,Sweden,991,HÄGVALD,324,381
935/36,2.91,?r ibn A?mad,Sweden,991,HÄGVALD,324,381
935/36,2.91,?r ibn A?mad,Southeast Baltic,1066/67,MAIDLA ,324,458
914-943,2.92,?r ibn A?mad,Near East,936/37,ISFAHAN ,302,325
933/34,2.92,?r ibn A?mad,Near East,961/62,NEAR EAS,322,350
933/34,2.92,?r ibn A?mad,Sweden,1029,KVIENDE ,322,420
935/36,2.93,?r ibn A?mad,Sweden,991,HÄGVALD,324,381
935/36,2.94,?r ibn A?mad,Sweden,954/55,GULLARVE,324,343
940/41,2.94,?r ibn A?mad,Sweden,994,KVARNE (,329,384
921/22,2.95,?r ibn A?mad,Near East,936/37,ISFAHAN ,309,325
935/36,2.95,?r ibn A?mad,Sweden,937/38,SNAUVAL,324,326
918/19,2.97,?r ibn A?mad,Sweden,1053,SIGSARVE ,306,445
920/21,2.97,?r ibn A?mad,Sweden,953/54,RANGSAR,308,342
914/15,2.97,?r ibn A?mad,Sweden,953/54,RANGSAR,302,342
939/40,2.97,?r ibn A?mad,Sweden,976/77,ÖVIDE/U,328,366
914/15,2.97,?r ibn A?mad,Sweden,994,KVARNE (,302,384
933/34,2.97,?r ibn A?mad,Southeast Baltic,1046/47,LEVALA ,322,438
924/25,2.98,?r ibn A?mad,Sweden,957/58,STORA VE,312,346
934/35,2.98,?r ibn A?mad,Sweden,958/59,PAVALDS ,323,347
933,3,?r ibn A?mad,Sweden,958/59,RONDARV,321,347
918/19,3,?r ibn A?mad,Sweden,972/73,GÖSTAFS/,306,362
933,3,?r ibn A?mad,Sweden,976/77,ÖVIDE/U,321,366
935/36,3.01,?r ibn A?mad,Sweden,960/61,KVIE ,324,349
914/15,3.02,?r ibn A?mad,Sweden,1002,ÖSARVE ,302,393
914/15,3.03,?r ibn A?mad,Near East,936/37,ISFAHAN ,302,325
916/17,3.03,?r ibn A?mad,Sweden,991,HÄGVALD,304,381
935/36,3.05,?r ibn A?mad,Sweden,957/58,NYGÅRDS ,324,346
922/23,3.06,?r ibn A?mad,Sweden,1029,KVIENDE ,310,420
919/920,3.09,?r ibn A?mad,Near East,936/37,ISFAHAN ,307,325
921/22,3.09,?r ibn A?mad,Sweden,1053,SIGSARVE ,309,445
935/36,3.1,?r ibn A?mad,Sweden,964/65,SMEDBY ,324,353
935/36,3.1,?r ibn A?mad,Sweden,991,HÄGVALD,324,381
925/26,3.11,?r ibn A?mad,Sweden,991,HÄGVALD,313,381
935/36,3.14,?r ibn A?mad,Southeast Baltic,945/46,V LAIKIAI ,324,334
939/40,3.15,?r ibn A?mad,Sweden,1053,SIGSARVE ,328,445
936/37,3.15,?r ibn A?mad,Sweden,954/55,HERMING,325,343
918/19,3.16,?r ibn A?mad,Near East,936/37,ISFAHAN ,306,325
933/34,3.16,?r ibn A?mad,Sweden,954/55,MARTILLE ,322,343
920/21,3.16,?r ibn A?mad,Sweden,991,HÄGVALD,308,381
927/28,3.17,?r ibn A?mad,Sweden,1018,KÄNNUN,315,409
919/20,3.17,?r ibn A?mad,Sweden,954/55,MARTILLE ,307,343
932/33,3.17,?r ibn A?mad,Southeast Baltic,1013/14,VAABINA ,320,404
935/36,3.18,?r ibn A?mad,Sweden,1053,SIGSARVE ,324,445
935/36,3.2,?r ibn A?mad,Sweden,991,HÄGVALD,324,381
920/21,3.21,?r ibn A?mad,Sweden,1053,SIGSARVE ,308,445
936/37,3.21,?r ibn A?mad,Sweden,1053,SIGSARVE ,325,445
933/34,3.21,?r ibn A?mad,Sweden,957/58,HÄFFINDS,322,346
936/37,3.21,?r ibn A?mad,Sweden,972/73,BRYOR ,325,362
933,3.22,?r ibn A?mad,Sweden,954/55,TJENGVID,321,343
914/15,3.22,?r ibn A?mad,Sweden,991,FÖLHAGE,302,381
941/42,3.22,?r ibn A?mad,Sweden,994,KVARNE (,330,384
932/33,3.26,?r ibn A?mad,Sweden,953/54,RANGSAR,320,342
932,3.28,?r ibn A?mad,Sweden,963/64,LILLA VIKE,320,352
914/15,3.3,?r ibn A?mad,Norway,921/22,GRIMESTA,302,309
910/11,3.33,?r ibn A?mad,Sweden,957/58,NYGÅRDS ,298,346
936/37,3.35,?r ibn A?mad,Sweden,955/56,KVIBILLE ,325,344
934/35,3.37,?r ibn A?mad,Sweden,957/58,HÄFFINDS,323,346
914/15,3.4,?r ibn A?mad,Sweden,954/55,TJENGVID,302,343
935/36,3.4,?r ibn A?mad,Sweden,961/62,BJÄRS/BJE,324,350
935/36,3.42,?r ibn A?mad,Sweden,972/73,BRYOR ,324,362
914/15,3.43,?r ibn A?mad,Sweden,1053,SIGSARVE ,302,445
935/36,3.44,?r ibn A?mad,Sweden,991,FÖLHAGE,324,381
935/36,3.46,?r ibn A?mad,Sweden,954/55,TJENGVID,324,343
922/23,3.56,?r ibn A?mad,Sweden,944/45,GANNAR,310,333
935/36,3.58,?r ibn A?mad,Sweden,957/58,HÄFFINDS,324,346
922/23,3.65,?r ibn A?mad,Sweden,954/55,YXNARUM,310,343
914/15,3.7,?r ibn A?mad,Sweden,957/58,NYGÅRDS ,302,346
921/22,3.71,?r ibn A?mad,Sweden,991,HÄGVALD,309,381
921/22,3.73,?r ibn A?mad,Sweden,969/70,TALBY,309,359
921/22,3.79,?r ibn A?mad,Sweden,944/45,GANNAR,309,333
922/23,3.94,?r ibn A?mad,Sweden,976/77,ÖVIDE/U,310,366
921/22,3.96,?r ibn A?mad,Sweden,953/54,RANGSAR,309,342
914/15,3.99,?r ibn A?mad,Sweden,953/54,RANGSAR,302,342
914/15,4.61,?r ibn A?mad,Sweden,972/73,BRYOR ,302,362
914/15,3.026581197,?r ibn A?mad,Russia,923/24,GNEZDOV,302,311
914/15,3.026581197,?r ibn A?mad,Russia,925/26,MATVEEV,302,313
918/19,3.026581197,?r ibn A?mad,Russia,935/36,KIEV II ,306,324
922/23,3.026581197,?r ibn A?mad,Russia,935/36,KIEV II ,310,324
912/13,3.026581197,?r ibn A?mad,Russia,939/40,MUROM,300,328
914/15,3.026581197,?r ibn A?mad,Russia,939/40,MUROM,302,328
914/15,3.026581197,?r ibn A?mad,Russia,939/40,MUROM,302,328
915/16,3.026581197,?r ibn A?mad,Russia,939/40,MUROM,303,328
916/17,3.026581197,?r ibn A?mad,Russia,939/40,MUROM,304,328
917/18,3.026581197,?r ibn A?mad,Russia,939/40,MUROM,305,328
917/18,3.026581197,?r ibn A?mad,Russia,939/40,MUROM,305,328
918/19,3.026581197,?r ibn A?mad,Russia,939/40,MUROM,306,328
918/19,3.026581197,?r ibn A?mad,Russia,939/40,MUROM,306,328
918/19,3.026581197,?r ibn A?mad,Russia,939/40,MUROM,306,328
918/19,3.026581197,?r ibn A?mad,Russia,939/40,MUROM,306,328
919/20,3.026581197,?r ibn A?mad,Russia,939/40,MUROM,307,328
920/21,3.026581197,?r ibn A?mad,Russia,939/40,MUROM,308,328
921/22,3.026581197,?r ibn A?mad,Russia,939/40,MUROM,309,328
921/22,3.026581197,?r ibn A?mad,Russia,939/40,MUROM,309,328
921/22,3.026581197,?r ibn A?mad,Russia,939/40,MUROM,309,328
922/23,3.026581197,?r ibn A?mad,Russia,939/40,MUROM,310,328
924/25,3.026581197,?r ibn A?mad,Russia,939/40,MUROM,312,328
926/27,3.026581197,?r ibn A?mad,Russia,939/40,MUROM,314,328
928/29,3.026581197,?r ibn A?mad,Russia,939/40,MUROM,316,328
928/29,3.026581197,?r ibn A?mad,Russia,939/40,MUROM,316,328
928/29,3.026581197,?r ibn A?mad,Russia,939/40,MUROM,316,328
928/29,3.026581197,?r ibn A?mad,Russia,939/40,MUROM,316,328
928/29,3.026581197,?r ibn A?mad,Russia,939/40,MUROM,316,328
928/29,3.026581197,?r ibn A?mad,Russia,939/40,MUROM,316,328
928/29,3.026581197,?r ibn A?mad,Russia,939/40,MUROM,316,328
929/30,3.026581197,?r ibn A?mad,Russia,939/40,MUROM,317,328
930/31,3.026581197,?r ibn A?mad,Russia,939/40,MUROM,318,328
931/32,3.026581197,?r ibn A?mad,Russia,939/40,MUROM,319,328
932,3.026581197,?r ibn A?mad,Russia,939/40,MUROM,320,328
932,3.026581197,?r ibn A?mad,Russia,939/40,MUROM,320,328
932,3.026581197,?r ibn A?mad,Russia,939/40,MUROM,320,328
933,3.026581197,?r ibn A?mad,Russia,939/40,MUROM,321,328
933,3.026581197,?r ibn A?mad,Russia,939/40,MUROM,321,328
933,3.026581197,?r ibn A?mad,Russia,939/40,MUROM,321,328
933,3.026581197,?r ibn A?mad,Russia,939/40,MUROM,321,328
933,3.026581197,?r ibn A?mad,Russia,939/40,MUROM,321,328
933,3.026581197,?r ibn A?mad,Russia,939/40,MUROM,321,328
933,3.026581197,?r ibn A?mad,Russia,939/40,MUROM,321,328
933/34,3.026581197,?r ibn A?mad,Russia,939/40,MUROM,322,328
933/34,3.026581197,?r ibn A?mad,Russia,939/40,MUROM,322,328
933/34,3.026581197,?r ibn A?mad,Russia,939/40,MUROM,322,328
933/34,3.026581197,?r ibn A?mad,Russia,939/40,MUROM,322,328
933/34,3.026581197,?r ibn A?mad,Russia,939/40,MUROM,322,328
933/34,3.026581197,?r ibn A?mad,Russia,939/40,MUROM,322,328
933/34,3.026581197,?r ibn A?mad,Russia,939/40,MUROM,322,328
933/34,3.026581197,?r ibn A?mad,Russia,939/40,MUROM,322,328
933/34,3.026581197,?r ibn A?mad,Russia,939/40,MUROM,322,328
933/34,3.026581197,?r ibn A?mad,Russia,939/40,MUROM,322,328
933/34,3.026581197,?r ibn A?mad,Russia,939/40,MUROM,322,328
933/34,3.026581197,?r ibn A?mad,Russia,939/40,MUROM,322,328
934/35,3.026581197,?r ibn A?mad,Russia,939/40,MUROM,323,328
934/35,3.026581197,?r ibn A?mad,Russia,939/40,MUROM,323,328
934/35,3.026581197,?r ibn A?mad,Russia,939/40,MUROM,323,328
934/35,3.026581197,?r ibn A?mad,Russia,939/40,MUROM,323,328
934/35,3.026581197,?r ibn A?mad,Russia,939/40,MUROM,323,328
934/35,3.026581197,?r ibn A?mad,Russia,939/40,MUROM,323,328
934/35,3.026581197,?r ibn A?mad,Russia,939/40,MUROM,323,328
934/35,3.026581197,?r ibn A?mad,Russia,939/40,MUROM,323,328
934/35,3.026581197,?r ibn A?mad,Russia,939/40,MUROM,323,328
934/35,3.026581197,?r ibn A?mad,Russia,939/40,MUROM,323,328
934/35,3.026581197,?r ibn A?mad,Russia,939/40,MUROM,323,328
934/35,3.026581197,?r ibn A?mad,Russia,939/40,MUROM,323,328
934/35,3.026581197,?r ibn A?mad,Russia,939/40,MUROM,323,328
934/35,3.026581197,?r ibn A?mad,Russia,939/40,MUROM,323,328
934/35,3.026581197,?r ibn A?mad,Russia,939/40,MUROM,323,328
934/35,3.026581197,?r ibn A?mad,Russia,939/40,MUROM,323,328
934/35,3.026581197,?r ibn A?mad,Russia,939/40,MUROM,323,328
935/36,3.026581197,?r ibn A?mad,Russia,939/40,MUROM,324,328
935/36,3.026581197,?r ibn A?mad,Russia,939/40,MUROM,324,328
935/36,3.026581197,?r ibn A?mad,Russia,939/40,MUROM,324,328
935/36,3.026581197,?r ibn A?mad,Russia,939/40,MUROM,324,328
935/36,3.026581197,?r ibn A?mad,Russia,939/40,MUROM,324,328
935/36,3.026581197,?r ibn A?mad,Russia,939/40,MUROM,324,328
935/36,3.026581197,?r ibn A?mad,Russia,939/40,MUROM,324,328
935/36,3.026581197,?r ibn A?mad,Russia,939/40,MUROM,324,328
935/36,3.026581197,?r ibn A?mad,Russia,939/40,MUROM,324,328
935/36,3.026581197,?r ibn A?mad,Russia,939/40,MUROM,324,328
935/36,3.026581197,?r ibn A?mad,Russia,939/40,MUROM,324,328
935/36,3.026581197,?r ibn A?mad,Russia,939/40,MUROM,324,328
935/36,3.026581197,?r ibn A?mad,Russia,939/40,MUROM,324,328
935/36,3.026581197,?r ibn A?mad,Russia,939/40,MUROM,324,328
935/36,3.026581197,?r ibn A?mad,Russia,939/40,MUROM,324,328
935/36,3.026581197,?r ibn A?mad,Russia,939/40,MUROM,324,328
935/36,3.026581197,?r ibn A?mad,Russia,939/40,MUROM,324,328
935/36,3.026581197,?r ibn A?mad,Russia,939/40,MUROM,324,328
935/36,3.026581197,?r ibn A?mad,Russia,939/40,MUROM,324,328
935/36,3.026581197,?r ibn A?mad,Russia,939/40,MUROM,324,328
935/36,3.026581197,?r ibn A?mad,Russia,939/40,MUROM,324,328
935/36,3.026581197,?r ibn A?mad,Russia,939/40,MUROM,324,328
935/36,3.026581197,?r ibn A?mad,Russia,939/40,MUROM,324,328
936/37,3.026581197,?r ibn A?mad,Russia,939/40,MUROM,325,328
936/37,3.026581197,?r ibn A?mad,Russia,939/40,MUROM,325,328
936/37,3.026581197,?r ibn A?mad,Russia,939/40,MUROM,325,328
936/37,3.026581197,?r ibn A?mad,Russia,939/40,MUROM,325,328
936/37,3.026581197,?r ibn A?mad,Russia,939/40,MUROM,325,328
936/37,3.026581197,?r ibn A?mad,Russia,939/40,MUROM,325,328
936/37,3.026581197,?r ibn A?mad,Russia,939/40,MUROM,325,328
936/37,3.026581197,?r ibn A?mad,Russia,939/40,MUROM,325,328
936/37,3.026581197,?r ibn A?mad,Russia,939/40,MUROM,325,328
936/37,3.026581197,?r ibn A?mad,Russia,939/40,MUROM,325,328
937/38,3.026581197,?r ibn A?mad,Russia,939/40,MUROM,326,328
939/40,3.026581197,?r ibn A?mad,Russia,939/40,MUROM,328,328
939/40,3.026581197,?r ibn A?mad,Russia,939/40,MUROM,328,328
939/40,3.026581197,?r ibn A?mad,Russia,939/40,MUROM,328,328
939/40,3.026581197,?r ibn A?mad,Russia,939/40,MUROM,328,328
933,3.026581197,?r ibn A?mad,Russia,940/41,BESEDINS,321,329
932,3.026581197,?r ibn A?mad,Russia,944/45,BELORUSS,320,333
914-943,3.026581197,?r ibn A?mad,Russia,944/45,BELORUSS,302,333
914/15,3.026581197,?r ibn A?mad,Russia,951/52,BEREZA,302,340
941/42,3.026581197,?r ibn A?mad,Russia,953/54,TSIMLIAN,330,342
915/16,3.026581197,?r ibn A?mad,Russia,953/54,TSIMLIAN,303,342
928/29,3.026581197,?r ibn A?mad,Russia,953/54,BOBRIK ,316,342
932,3.026581197,?r ibn A?mad,Russia,953/54,BOBRIK ,320,342
933,3.026581197,?r ibn A?mad,Russia,953/54,BOBRIK ,321,342
936/37,3.026581197,?r ibn A?mad,Russia,953/54,BOBRIK ,325,342
913-932,3.026581197,?r ibn A?mad,Russia,955/56,PINSK,301,344
913-932,3.026581197,?r ibn A?mad,Russia,955/56,PINSK,301,344
913-932,3.026581197,?r ibn A?mad,Russia,955/56,PINSK,301,344
932-934,3.026581197,?r ibn A?mad,Russia,955/56,PINSK,308,344
934-940,3.026581197,?r ibn A?mad,Russia,955/56,PINSK,323,344
934-940,3.026581197,?r ibn A?mad,Russia,955/56,PINSK,323,344
934-940,3.026581197,?r ibn A?mad,Russia,955/56,PINSK,323,344
934-940,3.026581197,?r ibn A?mad,Russia,955/56,PINSK,323,344
940-942,3.026581197,?r ibn A?mad,Russia,955/56,PINSK,329,344
935/36,3.026581197,?r ibn A?mad,Russia,966/67,SHPILEVK,324,356
921/22,3.026581197,?r ibn A?mad,Russia,972/73,KIDOMLIA,309,362
918/19,3.026581197,?r ibn A?mad,Russia,973/74,NEAR THE,306,363
925/26,3.026581197,?r ibn A?mad,Russia,976/77,BORKI IV ,313,366
935/36,3.026581197,?r ibn A?mad,Russia,978/79,STARYI DE,324,368
933/34,3.026581197,?r ibn A?mad,Central Asia,968/69,SAMARQ,322,358
933,3.026581197,?r ibn A?mad,Sweden,1029,KVIENDE ,321,420
935/36,3.026581197,?r ibn A?mad,Sweden,1039,KARLS ,324,431
935/36,3.026581197,?r ibn A?mad,Sweden,1040,HALSGÅR,324,432
935/36,3.026581197,?r ibn A?mad,Sweden,1040,HALSGÅR,324,432
935/36,3.026581197,?r ibn A?mad,Sweden,1042,HALSEGÅ,324,434
935/36,3.026581197,?r ibn A?mad,Sweden,1042,HALSEGÅ,324,434
934/35,3.026581197,?r ibn A?mad,Sweden,1042,ÖSTRA BY,323,434
934/35,3.026581197,?r ibn A?mad,Sweden,1042,ÖSTRA BY,323,434
939/40,3.026581197,?r ibn A?mad,Sweden,1042,ÖSTRA BY,328,434
935/36,3.026581197,?r ibn A?mad,Sweden,1089,STORA SO,324,482
913-943,3.026581197,?r ibn A?mad,Sweden,924/25,BRÄCKE,301,312
914-943,3.026581197,?r ibn A?mad,Sweden,939/40,VÄSTRIS ,302,328
935/36,3.026581197,?r ibn A?mad,Sweden,939/40,VÄSTRIS ,324,328
929/30,3.026581197,?r ibn A?mad,Sweden,939/40,VÄSTRIS ,317,328
924/25,3.026581197,?r ibn A?mad,Sweden,939/40,VÄSTRIS ,312,328
915/16,3.026581197,?r ibn A?mad,Sweden,939/40,SOMEWH,303,328
915/16,3.026581197,?r ibn A?mad,Sweden,940/41,BÅTA ,303,329
925/26,3.026581197,?r ibn A?mad,Sweden,940/41,UGGÅRDS ,313,329
918/19,3.026581197,?r ibn A?mad,Sweden,940/41,UGGÅRDS ,306,329
914/15,3.026581197,?r ibn A?mad,Sweden,940/41,UGGÅRDS ,302,329
918/19,3.026581197,?r ibn A?mad,Sweden,942/43,UTOJE/UT,306,331
922/23,3.026581197,?r ibn A?mad,Sweden,942/43,UTOJE/UT,310,331
922/23,3.026581197,?r ibn A?mad,Sweden,942/43,UTOJE/UT,310,331
922/23,3.026581197,?r ibn A?mad,Sweden,942/43,UTOJE/UT,310,331
935/36,3.026581197,?r ibn A?mad,Sweden,942/43,UTOJE/UT,324,331
914-943,3.026581197,?r ibn A?mad,Sweden,942/43,UTOJE/UT,302,331
919/20,3.026581197,?r ibn A?mad,Sweden,940-944,NORS ,307,329
935/36,3.026581197,?r ibn A?mad,Sweden,940-944,NORS ,324,329
922/23,3.026581197,?r ibn A?mad,Sweden,944/45,GANNAR,310,333
926/27,3.026581197,?r ibn A?mad,Sweden,944/45,GANNAR,314,333
935/36,3.026581197,?r ibn A?mad,Sweden,944/45,GANNAR,324,333
912/13,3.026581197,?r ibn A?mad,Sweden,943/44,UGGÅRDS,300,332
918/19,3.026581197,?r ibn A?mad,Sweden,943/44,UGGÅRDS,306,332
919/20,3.026581197,?r ibn A?mad,Sweden,943/44,UGGÅRDS,307,332
919/20,3.026581197,?r ibn A?mad,Sweden,943/44,UGGÅRDS,307,332
920/21,3.026581197,?r ibn A?mad,Sweden,943/44,UGGÅRDS,308,332
920/21,3.026581197,?r ibn A?mad,Sweden,943/44,UGGÅRDS,308,332
934/35,3.026581197,?r ibn A?mad,Sweden,943/44,UGGÅRDS,323,332
935/36,3.026581197,?r ibn A?mad,Sweden,943/44,UGGÅRDS,324,332
934-940,3.026581197,?r ibn A?mad,Sweden,952/53,TUER ,323,341
921/22,3.026581197,?r ibn A?mad,Sweden,952/53,TUER ,309,341
935/36,3.026581197,?r ibn A?mad,Sweden,952/53,GOTLAND ,324,341
932/33,3.026581197,?r ibn A?mad,Sweden,953,FILBORNA,320,342
931-940,3.026581197,?r ibn A?mad,Sweden,953/54,KASTLÖSA,319,342
931-940,3.026581197,?r ibn A?mad,Sweden,953/54,KASTLÖSA,319,342
931-940,3.026581197,?r ibn A?mad,Sweden,953/54,KASTLÖSA,319,342
941/42,3.026581197,?r ibn A?mad,Sweden,953/54,KASTLÖSA,330,342
940/41,3.026581197,?r ibn A?mad,Sweden,953/54,KASTLÖSA,329,342
939/40,3.026581197,?r ibn A?mad,Sweden,953/54,KASTLÖSA,328,342
939/40,3.026581197,?r ibn A?mad,Sweden,953/54,KASTLÖSA,328,342
938/39,3.026581197,?r ibn A?mad,Sweden,953/54,KASTLÖSA,327,342
933,3.026581197,?r ibn A?mad,Sweden,953/54,KASTLÖSA,321,342
931/32,3.026581197,?r ibn A?mad,Sweden,953/54,KASTLÖSA,319,342
932/33,3.026581197,?r ibn A?mad,Sweden,953/54,RANGSAR,320,342
932/33,3.026581197,?r ibn A?mad,Sweden,953/54,RANGSAR,320,342
914/15,3.026581197,?r ibn A?mad,Sweden,953/54,RANGSAR,302,342
929/30,3.026581197,?r ibn A?mad,Sweden,953/54,RANGSAR,317,342
915/16,3.026581197,?r ibn A?mad,Sweden,954/55,STORA TU,303,343
935/36,3.026581197,?r ibn A?mad,Sweden,954/55,GULLARVE,324,343
935/36,3.026581197,?r ibn A?mad,Sweden,954/55,GULLARVE,324,343
921/22,3.026581197,?r ibn A?mad,Sweden,956/57,ERIKSTOR,309,345
925/26,3.026581197,?r ibn A?mad,Sweden,957/58,STORA VE,313,346
942/43,3.026581197,?r ibn A?mad,Sweden,957/58,STORA VE,331,346
914/15,3.026581197,?r ibn A?mad,Sweden,957/58,BIRKA ,302,346
918/19,3.026581197,?r ibn A?mad,Sweden,957/58,EKESKOGS,306,346
918/19,3.026581197,?r ibn A?mad,Sweden,957/58,EKESKOGS,306,346
919/920,3.026581197,?r ibn A?mad,Sweden,957/58,EKESKOGS,307,346
921/22,3.026581197,?r ibn A?mad,Sweden,957/58,EKESKOGS,309,346
925/26,3.026581197,?r ibn A?mad,Sweden,957/58,EKESKOGS,313,346
934/35,3.026581197,?r ibn A?mad,Sweden,957/58,EKESKOGS,323,346
935/36,3.026581197,?r ibn A?mad,Sweden,957/58,EKESKOGS,324,346
935/36,3.026581197,?r ibn A?mad,Sweden,957/58,LUNDS ,324,346
920/21,3.026581197,?r ibn A?mad,Sweden,957/58,HÄFFINDS,308,346
914/15,3.026581197,?r ibn A?mad,Sweden,957/58,HÄFFINDS,302,346
935/36,3.026581197,?r ibn A?mad,Sweden,957/58,HÄFFINDS,324,346
935/36,3.026581197,?r ibn A?mad,Sweden,957/58,HÄFFINDS,324,346
932/33,3.026581197,?r ibn A?mad,Sweden,958/59,RANGSAR,320,347
936/37,3.026581197,?r ibn A?mad,Sweden,958/59,EKETORP ,325,347
935/36,3.026581197,?r ibn A?mad,Sweden,958/59,HAGEBY,324,347
926/27,3.026581197,?r ibn A?mad,Sweden,958/59,HAGEBY,314,347
935/36,3.026581197,?r ibn A?mad,Sweden,958/59,PAVALDS ,324,347
919/20,3.026581197,?r ibn A?mad,Sweden,950/60,BUTERS ,307,339
925/26,3.026581197,?r ibn A?mad,Sweden,950/60,BUTERS ,313,339
930/31,3.026581197,?r ibn A?mad,Sweden,950/60,BUTERS ,318,339
935/36,3.026581197,?r ibn A?mad,Sweden,950/60,BUTERS ,324,339
935/36,3.026581197,?r ibn A?mad,Sweden,950/60,BUTERS ,324,339
941/42,3.026581197,?r ibn A?mad,Sweden,950/60,BUTERS ,330,339
914/15,3.026581197,?r ibn A?mad,Sweden,961/62,RUMS ,302,350
925/26,3.026581197,?r ibn A?mad,Sweden,961/62,RUMS ,313,350
935/36,3.026581197,?r ibn A?mad,Sweden,961/62,RUMS ,324,350
939/40,3.026581197,?r ibn A?mad,Sweden,961/62,RUMS ,328,350
935/36,3.026581197,?r ibn A?mad,Sweden,961/62,BJÄRS/BJE,324,350
924/25,3.026581197,?r ibn A?mad,Sweden,961/62,BJÄRS/BJE,312,350
924/25,3.026581197,?r ibn A?mad,Sweden,961/62,BJÄRS/BJE,312,350
935/36,3.026581197,?r ibn A?mad,Sweden,961/62,BJÄRS/BJE,324,350
935/36,3.026581197,?r ibn A?mad,Sweden,961/62,BJÄRS/BJE,324,350
934/935,3.026581197,?r ibn A?mad,Sweden,961/62,BJÄRS/BJE,323,350
920/21,3.026581197,?r ibn A?mad,Sweden,963/64,BIRKA ,308,352
933,3.026581197,?r ibn A?mad,Sweden,963/64,BIRKA ,321,352
934/35,3.026581197,?r ibn A?mad,Sweden,963/64,BIRKA ,323,352
937/38,3.026581197,?r ibn A?mad,Sweden,963/64,BIRKA ,326,352
935/36,3.026581197,?r ibn A?mad,Sweden,963/64,LILLA VIKE,324,352
939/40,3.026581197,?r ibn A?mad,Sweden,964/65,SMEDBY ,328,353
918/19,3.026581197,?r ibn A?mad,Sweden,965,LUND,306,354
932,3.026581197,?r ibn A?mad,Sweden,965,LUND,320,354
914/15,3.026581197,?r ibn A?mad,Sweden,969/70,MANNEG,302,359
918/19,3.026581197,?r ibn A?mad,Sweden,969/70,MANNEG,306,359
918/19,3.026581197,?r ibn A?mad,Sweden,969/70,MANNEG,306,359
920/21,3.026581197,?r ibn A?mad,Sweden,969/70,MANNEG,308,359
936/37,3.026581197,?r ibn A?mad,Sweden,969/70,MANNEG,325,359
939/40,3.026581197,?r ibn A?mad,Sweden,969/70,MANNEG,328,359
914/15,3.026581197,?r ibn A?mad,Sweden,973,BOTES/BO,302,363
921/22,3.026581197,?r ibn A?mad,Sweden,973,BOTES/BO,309,363
926/27,3.026581197,?r ibn A?mad,Sweden,973,BOTES/BO,314,363
933,3.026581197,?r ibn A?mad,Sweden,973,BOTES/BO,321,363
935/36,3.026581197,?r ibn A?mad,Sweden,973,BOTES/BO,324,363
936/37,3.026581197,?r ibn A?mad,Sweden,973,BOTES/BO,325,363
939/40,3.026581197,?r ibn A?mad,Sweden,973,BOTES/BO,328,363
918/19,3.026581197,?r ibn A?mad,Sweden,971/72,UGGÅRDS,306,361
925/26,3.026581197,?r ibn A?mad,Sweden,971/72,UGGÅRDS,313,361
929/30,3.026581197,?r ibn A?mad,Sweden,971/72,UGGÅRDS,317,361
932,3.026581197,?r ibn A?mad,Sweden,973,GRAUSNE,320,363
933,3.026581197,?r ibn A?mad,Sweden,973,GRAUSNE,321,363
914/15,3.026581197,?r ibn A?mad,Sweden,975,GÅSHAGE,302,365
933,3.026581197,?r ibn A?mad,Sweden,975,GÅSHAGE,321,365
912/13,3.026581197,?r ibn A?mad,Sweden,976/77,ÖVIDE/U,300,366
924/25,3.026581197,?r ibn A?mad,Sweden,976/77,ÖVIDE/U,312,366
934/35,3.026581197,?r ibn A?mad,Sweden,976/77,ÖVIDE/U,323,366
935/36,3.026581197,?r ibn A?mad,Sweden,976/77,FÅGELSÅ,324,366
918/19,3.026581197,?r ibn A?mad,Sweden,978,SIGTERS (L,306,368
918/19,3.026581197,?r ibn A?mad,Sweden,983,BOTELS ,306,373
920/21,3.026581197,?r ibn A?mad,Sweden,983,BOTELS ,308,373
926/27,3.026581197,?r ibn A?mad,Sweden,983,BOTELS ,314,373
933,3.026581197,?r ibn A?mad,Sweden,983,BOTELS ,321,373
933/34,3.026581197,?r ibn A?mad,Sweden,983,BOTELS ,322,373
935/36,3.026581197,?r ibn A?mad,Sweden,983,BOTELS ,324,373
914/15,3.026581197,?r ibn A?mad,Sweden,983,BOTELS ,302,373
926/27,3.026581197,?r ibn A?mad,Sweden,991,FÖLHAGE,314,381
935/36,3.026581197,?r ibn A?mad,Sweden,991,FÖLHAGE,324,381
935/36,3.026581197,?r ibn A?mad,Sweden,991,FÖLHAGE,324,381
939/40,3.026581197,?r ibn A?mad,Sweden,991,FÖLHAGE,328,381
914/15,3.026581197,?r ibn A?mad,Sweden,991,FÖLHAGE,302,381
914/15,3.026581197,?r ibn A?mad,Sweden,991,FÖLHAGE,302,381
914/15,3.026581197,?r ibn A?mad,Sweden,991,FÖLHAGE,302,381
914/15,3.026581197,?r ibn A?mad,Sweden,991,FÖLHAGE,302,381
914/15,3.026581197,?r ibn A?mad,Sweden,991,FÖLHAGE,302,381
914/15,3.026581197,?r ibn A?mad,Sweden,991,FÖLHAGE,302,381
932/33,3.026581197,?r ibn A?mad,Sweden,991,VIVLINGS,320,381
914/15,3.026581197,?r ibn A?mad,Sweden,991,HÄGVALD,302,381
934/35,3.026581197,?r ibn A?mad,Sweden,991,HÄGVALD,323,381
935/36,3.026581197,?r ibn A?mad,Sweden,991,HÄGVALD,324,381
941/42,3.026581197,?r ibn A?mad,Sweden,991,HÄGVALD,330,381
920/21,3.026581197,?r ibn A?mad,Sweden,991,HÄGVALD,308,381
935/36,3.026581197,?r ibn A?mad,Sweden,991,HÄGVALD,324,381
935/36,3.026581197,?r ibn A?mad,Sweden,991,BROA ,324,381
926/27,3.026581197,?r ibn A?mad,Sweden,991,ÖSTJÄDR,314,381
933,3.026581197,?r ibn A?mad,Sweden,991,ÖSTJÄDR,321,381
935/36,3.026581197,?r ibn A?mad,Sweden,991,ÖSTJÄDR,324,381
935/36,3.026581197,?r ibn A?mad,Sweden,991,ÖSTJÄDR,324,381
935/36,3.026581197,?r ibn A?mad,Sweden,991,ÖSTJÄDR,324,381
939/40,3.026581197,?r ibn A?mad,Sweden,991,ÖSTJÄDR,328,381
939/40,3.026581197,?r ibn A?mad,Sweden,991,ÖSTJÄDR,328,381
917/18,3.026581197,?r ibn A?mad,Sweden,991,ÖSTJÄDR,305,381
934/35,3.026581197,?r ibn A?mad,Sweden,991,SNÄCKAR,323,381
935/36,3.026581197,?r ibn A?mad,Sweden,991,SNÄCKAR,324,381
935/36,3.026581197,?r ibn A?mad,Sweden,991,SNÄCKAR,324,381
935/36,3.026581197,?r ibn A?mad,Sweden,991,SNÄCKAR,324,381
936/37,3.026581197,?r ibn A?mad,Sweden,991,SNÄCKAR,325,381
936/37,3.026581197,?r ibn A?mad,Sweden,991,SNÄCKAR,325,381
937/38,3.026581197,?r ibn A?mad,Sweden,991,SNÄCKAR,326,381
937/38,3.026581197,?r ibn A?mad,Sweden,991,SNÄCKAR,326,381
914/15,3.026581197,?r ibn A?mad,Sweden,991,SNÄCKAR,302,381
914/15,3.026581197,?r ibn A?mad,Sweden,994,KVARNE (,302,384
935/36,3.026581197,?r ibn A?mad,Sweden,994,KVARNE (,324,384
935/36,3.026581197,?r ibn A?mad,Sweden,994,KVARNE (,324,384
914/15,3.026581197,?r ibn A?mad,Sweden,994,KVARNE (,302,384
933,3.026581197,?r ibn A?mad,Denmark,942/43,GRISEBJER,321,331
921/22,3.026581197,?r ibn A?mad,Denmark,960,TERSLEV ,309,349
935/36,3.026581197,?r ibn A?mad,Denmark,960,TERSLEV ,324,349
938/39,3.026581197,?r ibn A?mad,Denmark,960,TERSLEV ,327,349
932,3.026581197,?r ibn A?mad,Denmark,961/62,DAMMEG,320,350
914/15,3.026581197,?r ibn A?mad,Denmark,961/62,DAMMEG,302,350
930/31,3.026581197,?r ibn A?mad,Denmark,993/94,VAALSE,318,383
915/16,3.026581197,?r ibn A?mad,Germany,976/77,WATERNE,303,366
917/18,3.026581197,?r ibn A?mad,Germany,976/77,WATERNE,305,366
926/27,3.026581197,?r ibn A?mad,Germany,976/77,WATERNE,314,366
939/40,3.026581197,?r ibn A?mad,Germany,976/77,WATERNE,328,366
921/22,3.026581197,?r ibn A?mad,Germany,976/77,WATERNE,309,366
922/23,3.026581197,?r ibn A?mad,Poland,976,ZALESIE ,310,366
919/20,3.026581197,?r ibn A?mad,Southeast Baltic,940/41,PÕLTSAM,307,329
933,3.026581197,?r ibn A?mad,Southeast Baltic,940/41,PÕLTSAM,321,329
939/40,3.026581197,?r ibn A?mad,Southeast Baltic,940/41,PÕLTSAM,328,329
914/15,3.026581197,?r ibn A?mad,Southeast Baltic,940/41,PÕLTSAM,302,329
921/22,3.026581197,?r ibn A?mad,Southeast Baltic,942/43,VÄÄNIKV,309,331
933/34,3.026581197,?r ibn A?mad,Southeast Baltic,942/43,VÄÄNIKV,322,331
935/36,3.026581197,?r ibn A?mad,Southeast Baltic,942/43,VÄÄNIKV,324,331
936/37,3.026581197,?r ibn A?mad,Southeast Baltic,942/43,VÄÄNIKV,325,331
932,3.026581197,?r ibn A?mad,Southeast Baltic,947/48,MÄKSA (,320,336
934/35,3.026581197,?r ibn A?mad,Southeast Baltic,947/48,MÄKSA (,323,336
935/36,3.026581197,?r ibn A?mad,Southeast Baltic,947/48,MÄKSA (,324,336
936/37,3.026581197,?r ibn A?mad,Southeast Baltic,947/48,MÄKSA (,325,336
939/40,3.026581197,?r ibn A?mad,Southeast Baltic,947/48,MÄKSA (,328,336
939/40,3.026581197,?r ibn A?mad,Southeast Baltic,951/52,WESNERS,328,340
914/15,3.026581197,?r ibn A?mad,Southeast Baltic,951/52,SAUE (FRI,302,340
919/920,3.026581197,?r ibn A?mad,Southeast Baltic,951/52,SAUE (FRI,307,340
921/22,3.026581197,?r ibn A?mad,Southeast Baltic,951/52,SAUE (FRI,309,340
921/22,3.026581197,?r ibn A?mad,Southeast Baltic,951/52,SAUE (FRI,309,340
933,3.026581197,?r ibn A?mad,Southeast Baltic,951/52,SAUE (FRI,321,340
934/35,3.026581197,?r ibn A?mad,Southeast Baltic,951/52,SAUE (FRI,323,340
934/35,3.026581197,?r ibn A?mad,Southeast Baltic,951/52,SAUE (FRI,323,340
935/36,3.026581197,?r ibn A?mad,Southeast Baltic,951/52,SAUE (FRI,324,340
935/36,3.026581197,?r ibn A?mad,Southeast Baltic,951/52,SAUE (FRI,324,340
935/36,3.026581197,?r ibn A?mad,Southeast Baltic,951/52,SAUE (FRI,324,340
935/36,3.026581197,?r ibn A?mad,Southeast Baltic,951/52,SAUE (FRI,324,340
936/37,3.026581197,?r ibn A?mad,Southeast Baltic,951/52,SAUE (FRI,325,340
939/40,3.026581197,?r ibn A?mad,Southeast Baltic,951/52,SAUE (FRI,328,340
941/42,3.026581197,?r ibn A?mad,Southeast Baltic,951/52,SAUE (FRI,330,340
920/21,3.026581197,?r ibn A?mad,Southeast Baltic,951/52,SAUE (FRI,308,340
933,3.026581197,?r ibn A?mad,Southeast Baltic,951/52,SAUE (FRI,321,340
934/35,3.026581197,?r ibn A?mad,Southeast Baltic,952/53,KUSCHKE/,323,341
914/15,3.026581197,?r ibn A?mad,Southeast Baltic,954/55,KOIGI/KOI,302,343
933/34,3.026581197,?r ibn A?mad,Southeast Baltic,954/55,KOIGI/KOI,322,343
940/41,3.026581197,?r ibn A?mad,Southeast Baltic,954/55,KOIGI/KOI,329,343
927/28,3.026581197,?r ibn A?mad,Southeast Baltic,954/55,KOIGI/KOI,315,343
937/38,3.026581197,?r ibn A?mad,Southeast Baltic,964/65,METSAKÜ,326,353
935/36,3.026581197,?r ibn A?mad,Southeast Baltic,969/70,VARA (W,324,359
935/36,3.026581197,?r ibn A?mad,Southeast Baltic,977/78,ERRA-LIIV,324,367
935/36,3.026581197,?r ibn A?mad,Southeast Baltic,977/78,ERRA-LIIV,324,367
918/19,3.026581197,?r ibn A?mad,Southeast Baltic,980/81,EASTERN,306,370
922/23,3.026581197,?r ibn A?mad,Southeast Baltic,1002/03,WÖLLA/V,310,393
940/41,3.026581197,?r ibn A?mad,Southeast Baltic,1009/10,PAUNKÜL,329,400
933,3.026581197,?r ibn A?mad,Southeast Baltic,1014/15,IMMAKÜL,321,405
935/36,3.026581197,?r ibn A?mad,Southeast Baltic,1056/57,LEMALSN,324,449
908/09,1.99,A?mad ibn Ism?c?l,Sweden,957/58,HÄFFINDS,296,346
907/08,2.59,A?mad ibn Ism?c?l,Denmark,919-21,SIGERSLE,295,307
912/13,2.7,A?mad ibn Ism?c?l,Sweden,955/56,BURGE ,300,344
907/08,2.71,A?mad ibn Ism?c?l,Sweden,958/59,RONDARV,295,347
907/08,2.81,A?mad ibn Ism?c?l,Russia,908/09,NEAR DUB,295,296
911/12,2.82,A?mad ibn Ism?c?l,Sweden,991,BROA ,299,381
907/08,2.84,A?mad ibn Ism?c?l,Sweden,991,HÄGVALD,295,381
911/12,2.84,A?mad ibn Ism?c?l,Sweden,994,KVARNE (,299,384
907/08,2.85,A?mad ibn Ism?c?l,Sweden,1002,DIGERÅKR,295,393
911/12,2.88,A?mad ibn Ism?c?l,Sweden,952/53,TUER ,299,341
911/12,2.88,A?mad ibn Ism?c?l,Southeast Baltic,951/52,SAUE (FRI,299,340
910/11,2.92,A?mad ibn Ism?c?l,Southeast Baltic,979,KEHRA,298,369
908/09,2.93,A?mad ibn Ism?c?l,Sweden,991,HÄGVALD,296,381
909/10,2.96,A?mad ibn Ism?c?l,Sweden,1053,SIGSARVE ,297,445
911/12,3.03,A?mad ibn Ism?c?l,Sweden,939/40,SOMEWH,299,328
910/11,3.06,A?mad ibn Ism?c?l,Sweden,1053,SIGSARVE ,298,445
911/12,3.11,A?mad ibn Ism?c?l,Near East,936/37,ISFAHAN ,299,325
913/14,3.23,A?mad ibn Ism?c?l,Norway,921/22,GRIMESTA,301,309
919/20,3.26,A?mad ibn Ism?c?l,Sweden,964/65,SMEDBY ,307,353
908/09,4.12,A?mad ibn Ism?c?l,Sweden,944/45,GANNAR,296,333
907/08,2.9265,A?mad ibn Ism?c?l,Russia,911/12,LETSIKOV,295,299
907/08,2.9265,A?mad ibn Ism?c?l,Russia,914/15,LUZHKI ,295,302
910/11,2.9265,A?mad ibn Ism?c?l,Russia,914/15,LUZHKI ,298,302
911/12,2.9265,A?mad ibn Ism?c?l,Russia,914/15,LUZHKI ,299,302
907/08,2.9265,A?mad ibn Ism?c?l,Russia,939/40,MUROM,295,328
907/08,2.9265,A?mad ibn Ism?c?l,Russia,939/40,MUROM,295,328
910/11,2.9265,A?mad ibn Ism?c?l,Russia,939/40,MUROM,298,328
910/11,2.9265,A?mad ibn Ism?c?l,Russia,953/54,TSIMLIAN,298,342
910,2.9265,A?mad ibn Ism?c?l,Russia,914,PAPINSK,298,302
914,2.9265,A?mad ibn Ism?c?l,Russia,914,PAPINSK,302,302
907-913,2.9265,A?mad ibn Ism?c?l,Sweden,924/25,BRÄCKE,295,312
907/08,2.9265,A?mad ibn Ism?c?l,Sweden,930/31,TRIBERGA ,295,318
907/08,2.9265,A?mad ibn Ism?c?l,Sweden,930/31,TRIBERGA ,295,318
912/13,2.9265,A?mad ibn Ism?c?l,Sweden,940/41,UGGÅRDS ,300,329
910/11,2.9265,A?mad ibn Ism?c?l,Sweden,944/45,GANNAR,298,333
911/12,2.9265,A?mad ibn Ism?c?l,Sweden,943/44,UGGÅRDS,299,332
911/12,2.9265,A?mad ibn Ism?c?l,Sweden,943/44,UGGÅRDS,299,332
907/08,2.9265,A?mad ibn Ism?c?l,Sweden,957/58,BIRKA ,295,346
911/12,2.9265,A?mad ibn Ism?c?l,Sweden,958/59,PAVALDS ,299,347
912/13,2.9265,A?mad ibn Ism?c?l,Sweden,963/64,LILLA VIKE,300,352
910/11,2.9265,A?mad ibn Ism?c?l,Sweden,972/73,GÖSTAFS/,298,362
910/11,2.9265,A?mad ibn Ism?c?l,Sweden,973/74,LILLA RON,298,363
907/08,2.9265,A?mad ibn Ism?c?l,Sweden,991,FÖLHAGE,295,381
907/08,2.9265,A?mad ibn Ism?c?l,Sweden,991,FÖLHAGE,295,381
910/11,2.9265,A?mad ibn Ism?c?l,Sweden,991,FÖLHAGE,298,381
907/08,2.9265,A?mad ibn Ism?c?l,Sweden,991,FÖLHAGE,295,381
907/08,2.9265,A?mad ibn Ism?c?l,Sweden,991,HÄGVALD,295,381
910/11,2.9265,A?mad ibn Ism?c?l,Sweden,991,HULTE ,298,381
909/10,2.9265,A?mad ibn Ism?c?l,Sweden,994,KVARNE (,297,384
910/11,2.9265,A?mad ibn Ism?c?l,Denmark,942/43,GRISEBJER,298,331
910/11,2.9265,A?mad ibn Ism?c?l,Denmark,942/43,GRISEBJER,298,331
911/12,2.9265,A?mad ibn Ism?c?l,Southeast Baltic,942/43,VÄÄNIKV,299,331
913/14,2.9265,A?mad ibn Ism?c?l,Southeast Baltic,952/53,KUSCHKE/,301,341
946/47,2.85,Ibr?h?m ibn A?mad ,Southeast Baltic,1066/67,MAIDLA ,335,458
946/47,2.97,Ibr?h?m ibn A?mad ,Russia,1075,KOLODEZI ,335,468
905/06,2.13,Ism?c?l ibn A?mad,Sweden,954/55,HERMING,293,343
906/07,2.16,Ism?c?l ibn A?mad,Sweden,953/54,RANGSAR,294,342
906/07,2.5,Ism?c?l ibn A?mad,Sweden,994,KVARNE (,294,384
905/06,2.52,Ism?c?l ibn A?mad,Sweden,957/58,STORA VE,293,346
907/08,2.52,Ism?c?l ibn A?mad,Sweden,957/58,STORA VE,295,346
905/06,2.53,Ism?c?l ibn A?mad,Sweden,991,ÖSTJÄDR,293,381
906/07,2.64,Ism?c?l ibn A?mad,Sweden,976/77,ÖVIDE/U,294,366
906/07,2.78,Ism?c?l ibn A?mad,Sweden,972/73,BRYOR ,294,362
906/07,2.83,Ism?c?l ibn A?mad,Denmark,942/43,GRISEBJER,294,331
905/06,2.84,Ism?c?l ibn A?mad,Southeast Baltic,979,KEHRA,293,369
905/06,2.85,Ism?c?l ibn A?mad,Russia,908/09,NEAR DUB,293,296
906/07,2.87,Ism?c?l ibn A?mad,Sweden,957/58,HÄFFINDS,294,346
906/07,2.89,Ism?c?l ibn A?mad,Russia,978/79,STARYI DE,294,368
906/07,2.9,Ism?c?l ibn A?mad,Sweden,958/59,RONDARV,294,347
906/07,2.92,Ism?c?l ibn A?mad,Sweden,1053,SIGSARVE ,294,445
905/06,2.92,Ism?c?l ibn A?mad,Sweden,991,HÄGVALD,293,381
906/07,2.94,Ism?c?l ibn A?mad,Sweden,946/447,ALVA/LILL,294,335
906/07,2.95,Ism?c?l ibn A?mad,Sweden,954/55,GULLARVE,294,343
906/07,2.95,Ism?c?l ibn A?mad,Sweden,958/59,RANGSAR,294,347
905/06,2.96,Ism?c?l ibn A?mad,Southeast Baltic,979,KEHRA,293,369
906/07,2.97,Ism?c?l ibn A?mad,Sweden,964/65,SMEDBY ,294,353
906/07,2.98,Ism?c?l ibn A?mad,Sweden,957/58,LUNDS ,294,346
906/07,3,Ism?c?l ibn A?mad,Sweden,940/41,BÅTA ,294,329
905/06,3,Ism?c?l ibn A?mad,Norway,921/22,GRIMESTA,293,309
906/07,3.02,Ism?c?l ibn A?mad,Sweden,955/56,BURGE ,294,344
906/07,3.04,Ism?c?l ibn A?mad,Sweden,953/54,RANGSAR,294,342
905/06,3.04,Ism?c?l ibn A?mad,Sweden,961/62,BJÄRS/BJE,293,350
906/07,3.05,Ism?c?l ibn A?mad,Sweden,954/55,MARTILLE ,294,343
906/07,3.06,Ism?c?l ibn A?mad,Sweden,937,JUGÄNNE,294,326
906/07,3.07,Ism?c?l ibn A?mad,Sweden,953/54,RANGSAR,294,342
906/07,3.08,Ism?c?l ibn A?mad,Russia,909/10,MEDIEVAL,294,297
905/06,3.08,Ism?c?l ibn A?mad,Sweden,944/45,GANNAR,293,333
905/06,3.08,Ism?c?l ibn A?mad,Sweden,952/53,TUER ,293,341
902/03,3.08,Ism?c?l ibn A?mad,Southeast Baltic,979,KEHRA,290,369
906/07,3.1,Ism?c?l ibn A?mad,Sweden,991,HÄGVALD,294,381
905/06,3.12,Ism?c?l ibn A?mad,Sweden,994,KVARNE (,293,384
902/03,3.12,Ism?c?l ibn A?mad,Southeast Baltic,979,KEHRA,290,369
905/06,3.14,Ism?c?l ibn A?mad,Sweden,957/58,HÄFFINDS,293,346
906/07,3.16,Ism?c?l ibn A?mad,Near East,936/37,ISFAHAN ,294,325
905/06,3.16,Ism?c?l ibn A?mad,Sweden,955/56,BURGE ,293,344
906/07,3.18,Ism?c?l ibn A?mad,Sweden,952/53,TUER ,294,341
905/06,3.18,Ism?c?l ibn A?mad,Southeast Baltic,979,KEHRA,293,369
906/07,3.25,Ism?c?l ibn A?mad,Sweden,991,FÖLHAGE,294,381
906/07,3.26,Ism?c?l ibn A?mad,Southeast Baltic,979,KEHRA,294,369
905/06,3.28,Ism?c?l ibn A?mad,Sweden,1053,SIGSARVE ,293,445
905/06,3.29,Ism?c?l ibn A?mad,Sweden,953/54,RANGSAR,293,342
906/07,3.29,Ism?c?l ibn A?mad,Sweden,954/55,MARTILLE ,294,343
905/06,3.3,Ism?c?l ibn A?mad,Sweden,953/54,RANGSAR,293,342
905/06,3.33,Ism?c?l ibn A?mad,Southeast Baltic,979,KEHRA,293,369
906/07,3.34,Ism?c?l ibn A?mad,Denmark,910/11,OVER RA,294,298
906/07,3.38,Ism?c?l ibn A?mad,Sweden,991,HÄGVALD,294,381
905/06,3.39,Ism?c?l ibn A?mad,Near East,917/18,SOMEWH,293,305
905/06,3.42,Ism?c?l ibn A?mad,Sweden,953/54,RANGSAR,293,342
906/07,3.52,Ism?c?l ibn A?mad,Sweden,994,KVARNE (,294,384
906/07,3.55,Ism?c?l ibn A?mad,Sweden,991,HÄGVALD,294,381
906/07,3.58,Ism?c?l ibn A?mad,Sweden,994,KVARNE (,294,384
906/07,3.67,Ism?c?l ibn A?mad,Sweden,954/55,STORA TU,294,343
906/07,3.68,Ism?c?l ibn A?mad,Sweden,952/53,TUER ,294,341
906/07,3.7,Ism?c?l ibn A?mad,Sweden,957/58,HÄFFINDS,294,346
905/06,3.72,Ism?c?l ibn A?mad,Sweden,1053,SIGSARVE ,293,445
905/06,4.5,Ism?c?l ibn A?mad,Sweden,991,ÖSTJÄDR,293,381
906/07,3.09442623,Ism?c?l ibn A?mad,Germany,921/22,GIEKAU/D,309,309
905/06,3.09442623,Ism?c?l ibn A?mad,Russia,906/07,KIEV V,293,294
905/06,3.09442623,Ism?c?l ibn A?mad,Russia,906/07,KIEV V,293,294
905/06,3.09442623,Ism?c?l ibn A?mad,Russia,911/12,LETSIKOV,293,299
905/06,3.09442623,Ism?c?l ibn A?mad,Russia,911/12,LETSIKOV,293,299
906/07,3.09442623,Ism?c?l ibn A?mad,Russia,911/12,LETSIKOV,294,299
906/07,3.09442623,Ism?c?l ibn A?mad,Russia,911/12,LETSIKOV,294,299
906/07,3.09442623,Ism?c?l ibn A?mad,Russia,911/12,LETSIKOV,294,299
906/07,3.09442623,Ism?c?l ibn A?mad,Russia,911/12,LETSIKOV,294,299
905/06,3.09442623,Ism?c?l ibn A?mad,Russia,913/14,PAL’TSEV,293,301
905/06,3.09442623,Ism?c?l ibn A?mad,Russia,913/14,PAL’TSEV,293,301
905/06,3.09442623,Ism?c?l ibn A?mad,Russia,913/14,PAL’TSEV,293,301
905/06,3.09442623,Ism?c?l ibn A?mad,Russia,913/14,PAL’TSEV,293,301
906/07,3.09442623,Ism?c?l ibn A?mad,Russia,913/14,PAL’TSEV,294,301
906/07,3.09442623,Ism?c?l ibn A?mad,Russia,914/15,LUZHKI ,294,302
908/09,3.09442623,Ism?c?l ibn A?mad,Russia,914/15,LUZHKI ,296,302
906/07,3.09442623,Ism?c?l ibn A?mad,Russia,923/24,GNEZDOV,294,311
905/06,3.09442623,Ism?c?l ibn A?mad,Russia,925/26,MATVEEV,293,313
892-907,3.09442623,Ism?c?l ibn A?mad,Russia,935/36,KIEV II ,279,324
905/06,3.09442623,Ism?c?l ibn A?mad,Russia,939/40,MUROM,293,328
905/06,3.09442623,Ism?c?l ibn A?mad,Russia,939/40,MUROM,293,328
905/06,3.09442623,Ism?c?l ibn A?mad,Russia,939/40,MUROM,293,328
905/06,3.09442623,Ism?c?l ibn A?mad,Russia,939/40,MUROM,293,328
905/06,3.09442623,Ism?c?l ibn A?mad,Russia,939/40,MUROM,293,328
906/07,3.09442623,Ism?c?l ibn A?mad,Russia,939/40,MUROM,294,328
906/07,3.09442623,Ism?c?l ibn A?mad,Russia,939/40,MUROM,294,328
906/07,3.09442623,Ism?c?l ibn A?mad,Russia,939/40,MUROM,294,328
906/07,3.09442623,Ism?c?l ibn A?mad,Russia,939/40,MUROM,294,328
906/07,3.09442623,Ism?c?l ibn A?mad,Russia,944/45,BELORUSS,294,333
905/06,3.09442623,Ism?c?l ibn A?mad,Russia,950/51,TUROVO ,293,339
905/06,3.09442623,Ism?c?l ibn A?mad,Russia,951/52,BEREZA,293,340
906/07,3.09442623,Ism?c?l ibn A?mad,Russia,953/54,TSIMLIAN,294,342
905/06,3.09442623,Ism?c?l ibn A?mad,Sweden,1003,YTLINGS,293,394
906/07,3.09442623,Ism?c?l ibn A?mad,Sweden,1018,KÄNNUN,294,409
905/06,3.09442623,Ism?c?l ibn A?mad,Sweden,1039,KARLS ,293,431
905/06,3.09442623,Ism?c?l ibn A?mad,Sweden,1042,ÖSTRA BY,293,434
905/06,3.09442623,Ism?c?l ibn A?mad,Sweden,1042,ÖSTRA BY,293,434
905/06,3.09442623,Ism?c?l ibn A?mad,Sweden,924/25,BRÄCKE,293,312
906/07,3.09442623,Ism?c?l ibn A?mad,Sweden,930/31,TRIBERGA ,294,318
906/07,3.09442623,Ism?c?l ibn A?mad,Sweden,940/41,UGGÅRDS ,294,329
905/06,3.09442623,Ism?c?l ibn A?mad,Sweden,940/41,UGGÅRDS ,293,329
905/06,3.09442623,Ism?c?l ibn A?mad,Sweden,942/43,UTOJE/UT,293,331
905/06,3.09442623,Ism?c?l ibn A?mad,Sweden,942/43,UTOJE/UT,293,331
906/07,3.09442623,Ism?c?l ibn A?mad,Sweden,944/45,GANNAR,294,333
902/03,3.09442623,Ism?c?l ibn A?mad,Sweden,944/45,GANNAR,290,333
905/06,3.09442623,Ism?c?l ibn A?mad,Sweden,943/44,UGGÅRDS,293,332
905/06,3.09442623,Ism?c?l ibn A?mad,Sweden,943/44,UGGÅRDS,293,332
905/06,3.09442623,Ism?c?l ibn A?mad,Sweden,943/44,UGGÅRDS,293,332
906/07,3.09442623,Ism?c?l ibn A?mad,Sweden,943/44,UGGÅRDS,294,332
906/07,3.09442623,Ism?c?l ibn A?mad,Sweden,943/44,UGGÅRDS,294,332
906/07,3.09442623,Ism?c?l ibn A?mad,Sweden,943/44,UGGÅRDS,294,332
906/07,3.09442623,Ism?c?l ibn A?mad,Sweden,952/53,GOTLAND ,294,341
905/06,3.09442623,Ism?c?l ibn A?mad,Sweden,953,FILBORNA,293,342
906/07,3.09442623,Ism?c?l ibn A?mad,Sweden,953/54,PETSARVE,294,342
906/07,3.09442623,Ism?c?l ibn A?mad,Sweden,953/54,RANGSAR,294,342
906/07,3.09442623,Ism?c?l ibn A?mad,Sweden,953/54,RANGSAR,294,342
905/06,3.09442623,Ism?c?l ibn A?mad,Sweden,953/54,RANGSAR,293,342
906/07,3.09442623,Ism?c?l ibn A?mad,Sweden,957/58,EKESKOGS,294,346
906/07,3.09442623,Ism?c?l ibn A?mad,Sweden,957/58,EKESKOGS,294,346
906/07,3.09442623,Ism?c?l ibn A?mad,Sweden,957/58,EKESKOGS,294,346
905/06,3.09442623,Ism?c?l ibn A?mad,Sweden,957/58,HÄFFINDS,293,346
906/07,3.09442623,Ism?c?l ibn A?mad,Sweden,961/62,RUMS ,294,350
906/07,3.09442623,Ism?c?l ibn A?mad,Sweden,961/62,RUMS ,294,350
906/07,3.09442623,Ism?c?l ibn A?mad,Sweden,961/62,RUMS ,294,350
905/06,3.09442623,Ism?c?l ibn A?mad,Sweden,961/62,BJÄRS/BJE,293,350
906/07,3.09442623,Ism?c?l ibn A?mad,Sweden,969/70,MANNEG,294,359
906/07,3.09442623,Ism?c?l ibn A?mad,Sweden,969/70,MANNEG,294,359
905/06,3.09442623,Ism?c?l ibn A?mad,Sweden,973,BOTES/BO,293,363
906/07,3.09442623,Ism?c?l ibn A?mad,Sweden,973,BOTES/BO,294,363
906/07,3.09442623,Ism?c?l ibn A?mad,Sweden,973,BOTES/BO,294,363
913/14,3.09442623,Ism?c?l ibn A?mad,Sweden,973,MÅRTENS ,301,363
905/06,3.09442623,Ism?c?l ibn A?mad,Sweden,973/74,LILLA RON,293,363
905/06,3.09442623,Ism?c?l ibn A?mad,Sweden,973/74,LILLA RON,293,363
906/07,3.09442623,Ism?c?l ibn A?mad,Sweden,973/74,LILLA RON,294,363
906/07,3.09442623,Ism?c?l ibn A?mad,Sweden,991,VIVLINGS,294,381
905/06,3.09442623,Ism?c?l ibn A?mad,Sweden,991,SNÄCKAR,293,381
906/07,3.09442623,Ism?c?l ibn A?mad,Sweden,991,SNÄCKAR,294,381
906/07,3.09442623,Ism?c?l ibn A?mad,Sweden,991,SNÄCKAR,294,381
907/08,3.09442623,Ism?c?l ibn A?mad,Sweden,991,SNÄCKAR,295,381
905/06,3.09442623,Ism?c?l ibn A?mad,Denmark,924/25,NEBLE ,293,312
909/10,3.09442623,Ism?c?l ibn A?mad,Denmark,924/25,NEBLE ,297,312
905/06,3.09442623,Ism?c?l ibn A?mad,Denmark,942/43,GRISEBJER,293,331
905/06,3.09442623,Ism?c?l ibn A?mad,Denmark,942/43,GRISEBJER,293,331
905/06,3.09442623,Ism?c?l ibn A?mad,Denmark,942/43,GRISEBJER,293,331
904/05,3.09442623,Ism?c?l ibn A?mad,Denmark,960,TERSLEV ,292,349
905/06,3.09442623,Ism?c?l ibn A?mad,Denmark,960,TERSLEV ,293,349
906/07,3.09442623,Ism?c?l ibn A?mad,Denmark,960,TERSLEV ,294,349
906/07,3.09442623,Ism?c?l ibn A?mad,Denmark,960,TERSLEV ,294,349
906/07,3.09442623,Ism?c?l ibn A?mad,Denmark,960,TERSLEV ,294,349
892/93,3.09442623,Ism?c?l ibn A?mad,Denmark,960,TERSLEV ,279,349
907/08,3.09442623,Ism?c?l ibn A?mad,Denmark,960,TERSLEV ,295,349
902/03,3.09442623,Ism?c?l ibn A?mad,Denmark,960,TERSLEV ,290,349
906/07,3.09442623,Ism?c?l ibn A?mad,Southeast Baltic,912/13,N VESSAL,294,300
906/07,3.09442623,Ism?c?l ibn A?mad,Southeast Baltic,940/41,PÕLTSAM,294,329
906/07,3.09442623,Ism?c?l ibn A?mad,Southeast Baltic,951/52,SAUE (FRI,294,340
906/07,3.09442623,Ism?c?l ibn A?mad,Southeast Baltic,951/52,SAUE (FRI,294,340
906/07,3.09442623,Ism?c?l ibn A?mad,Southeast Baltic,954/55,KOIGI/KOI,294,343
905/06,3.09442623,Ism?c?l ibn A?mad,Southeast Baltic,1002/03,PEUTH/KL,293,393
906/07,3.09442623,Ism?c?l ibn A?mad,Southeast Baltic,1009/10,PAUNKÜL,294,400
906/07,3.09442623,Ism?c?l ibn A?mad,Southeast Baltic,1014/15,IMMAKÜL,294,405
920-921,3.2725,Loyl? ibn Nucman,Russia,944/45,KOZ’IANK,308,333
920-921,3.2725,Loyl? ibn Nucman,Russia,944/45,KOZ’IANK,308,333
921/22,2.66,Loyl? ibn Nucman ,Sweden,991,HULTE ,309,381
921/22,3.06,Loyl? ibn Nucman ,Sweden,991,HÄGVALD,309,381
921/22,3.5,Loyl? ibn Nucman ,Sweden,957/58,HÄFFINDS,309,346
921/22,3.87,Loyl? ibn Nucman ,Sweden,957/58,STORA VE,309,346
921/22,3.2725,Loyl? ibn Nucman ,Sweden,957/58,STORA VE,309,346
921/22,3.2725,Loyl? ibn Nucman ,Southeast Baltic,977/78,ERRA-LIIV,309,367
943/44,2.92,N?? ibn ?r,Sweden,991,HÄGVALD,332,381
952/53,2.98,N?? ibn ?r,Russia,971/72,NOVGOR,341,361
949/50,3.01,N?? ibn ?r,Sweden,957/58,HÄFFINDS,338,346
951/52,3.26,N?? ibn ?r,Russia,971/72,NOVGOR,340,361
944/45,3.61,N?? ibn ?r,Near East,961/62,NEAR EAS,333,350
952/53,3.71,N?? ibn ?r,Southeast Baltic,979,KEHRA,341,369
953/54,3.78,N?? ibn ?r,Sweden,957/58,STORA VE,342,346
954/55,3.97,N?? ibn ?r,Sweden,957/58,LUNDS ,343,346
952/53,5.68,N?? ibn ?r,Near East,961/62,NEAR EAS,341,350
948/49,3.657777778,N?? ibn ?r,Russia,953/54,BOBRIK ,337,342
950/51,3.657777778,N?? ibn ?r,Russia,954/55,BOL’SHOI,339,343
943/44,3.657777778,N?? ibn ?r,Russia,1068,DEMSHIN,332,461
951/52,3.657777778,N?? ibn ?r,Near East,958/59,SOMEWH,340,347
942/43,3.657777778,N?? ibn ?r,Near East,958/59,SOMEWH,331,347
952/53,3.657777778,N?? ibn ?r,Near East,965/66,EASTERN I,341,355
943-954?,3.657777778,N?? ibn ?r,Sweden,1023,STIGE ,322,414
950/51,3.657777778,N?? ibn ?r,Sweden,1039,KARLS ,339,431
952/53,3.657777778,N?? ibn ?r,Sweden,953/54,KASTLÖSA,341,342
950/51,3.657777778,N?? ibn ?r,Sweden,953/54,KASTLÖSA,339,342
947/48,3.657777778,N?? ibn ?r,Sweden,953/54,KASTLÖSA,336,342
946/47,3.657777778,N?? ibn ?r,Sweden,953/54,KASTLÖSA,335,342
943/44,3.657777778,N?? ibn ?r,Sweden,953/54,SKÄLHOR,332,342
950/51,3.657777778,N?? ibn ?r,Sweden,954/55,STORA TU,339,343
943/44,3.657777778,N?? ibn ?r,Sweden,964/65,SMEDBY ,332,353
944/45,3.657777778,N?? ibn ?r,Sweden,964/65,SMEDBY ,333,353
950/51,3.657777778,N?? ibn ?r,Sweden,971/72,UGGÅRDS,339,361
944/45,3.657777778,N?? ibn ?r,Sweden,973,GRAUSNE,333,363
950/51,3.657777778,N?? ibn ?r,Sweden,973/74,LILLA RON,339,363
951/52,3.657777778,N?? ibn ?r,Sweden,975,GÅSHAGE,340,365
951/52,3.657777778,N?? ibn ?r,Sweden,978,SIGTERS (L,340,368
946/47,3.657777778,N?? ibn ?r,Sweden,983,BOTELS ,335,373
952/53,3.657777778,N?? ibn ?r,Sweden,983,BOTELS ,341,373
952/53,3.657777778,N?? ibn ?r,Sweden,983,BOTELS ,341,373
952/53,3.657777778,N?? ibn ?r,Sweden,983,BOTELS ,341,373
944/45,3.657777778,N?? ibn ?r,Germany,976/77,WATERNE,333,366
944/45,3.657777778,N?? ibn ?r,Poland,976,ZALESIE ,333,366
943/44,3.657777778,N?? ibn ?r,Southeast Baltic,947/48,MÄKSA (,332,336
947/48,3.657777778,N?? ibn ?r,Southeast Baltic,1002/03,PEUTH/KL,336,393
982/83,2.58,N?? ibn Man??r,Russia,1008/09,KRESHCHE,372,399
984/85,3.39,N?? ibn Man??r,Russia,1008/09,KRESHCHE,374,399
985/86,3.64,N?? ibn Man??r,Russia,1075,KOLODEZI ,375,468
980/81,6.67,N?? ibn Man??r,Russia,1008/09,KRESHCHE,370,399
980/81,6.9,N?? ibn Man??r,Russia,1008/09,KRESHCHE,370,399
986/87,4.636,N?? ibn Man??r,Russia,986/87,KRASNAIA,376,376
984/85,4.636,N?? ibn Man??r,Russia,988/89,KUZNECHI,374,378
986/87,4.636,N?? ibn Man??r,Russia,988/89,KUZNECHI,376,378
983/84,4.636,N?? ibn Man??r,Russia,1008/09,DENISY ,373,399
984/85,4.636,N?? ibn Man??r,Russia,1008/09,DENISY ,374,399
985/86,4.636,N?? ibn Man??r,Russia,1008/09,DENISY ,375,399
986/87,4.636,N?? ibn Man??r,Russia,1008/09,DENISY ,376,399
987/88,4.636,N?? ibn Man??r,Russia,1008/09,DENISY ,377,399
976-997,4.636,N?? ibn Man??r,Russia,1008/09,DENISY ,366,399
976-997,4.636,N?? ibn Man??r,Russia,1008/09,DENISY ,366,399
976-997,4.636,N?? ibn Man??r,Russia,1008/09,DENISY ,366,399
976-997,4.636,N?? ibn Man??r,Russia,1008/09,DENISY ,366,399
985/86,4.636,N?? ibn Man??r,Russia,1068,DEMSHIN,375,461
996/97,4.636,N?? ibn Man??r,Near East,997/98,SOMEWH,386,387
996/97,4.636,N?? ibn Man??r,Near East,997/98,SOMEWH,386,387
996/97,4.636,N?? ibn Man??r,Near East,997/98,SOMEWH,386,387
996/97,4.636,N?? ibn Man??r,Near East,997/98,SOMEWH,386,387
996/97,4.636,N?? ibn Man??r,Near East,997/98,SOMEWH,386,387
996/97,4.636,N?? ibn Man??r,Near East,997/98,SOMEWH,386,387
996/97,4.636,N?? ibn Man??r,Near East,997/98,SOMEWH,386,387
996/97,4.636,N?? ibn Man??r,Near East,997/98,SOMEWH,386,387
996/97,4.636,N?? ibn Man??r,Near East,997/98,SOMEWH,386,387
996/97,4.636,N?? ibn Man??r,Near East,997/98,SOMEWH,386,387
996/97,4.636,N?? ibn Man??r,Near East,997/98,SOMEWH,386,387
996/97,4.636,N?? ibn Man??r,Near East,997/98,SOMEWH,386,387
996/97,4.636,N?? ibn Man??r,Near East,997/98,SOMEWH,386,387
996/97,4.636,N?? ibn Man??r,Near East,997/98,SOMEWH,386,387
996/97,4.636,N?? ibn Man??r,Near East,997/98,SOMEWH,386,387
996/97,4.636,N?? ibn Man??r,Near East,997/98,SOMEWH,386,387
996/97,4.636,N?? ibn Man??r,Near East,997/98,SOMEWH,386,387
996/97,4.636,N?? ibn Man??r,Near East,997/98,SOMEWH,386,387
996/97,4.636,N?? ibn Man??r,Near East,997/98,SOMEWH,386,387
996/97,4.636,N?? ibn Man??r,Near East,997/98,SOMEWH,386,387
996/97,4.636,N?? ibn Man??r,Near East,997/98,SOMEWH,386,387
996/97,4.636,N?? ibn Man??r,Near East,997/98,SOMEWH,386,387
996/97,4.636,N?? ibn Man??r,Near East,997/98,SOMEWH,386,387
996/97,4.636,N?? ibn Man??r,Near East,997/98,SOMEWH,386,387
996/97,4.636,N?? ibn Man??r,Near East,997/98,SOMEWH,386,387
996/97,4.636,N?? ibn Man??r,Near East,997/98,SOMEWH,386,387
996/97,4.636,N?? ibn Man??r,Near East,997/98,SOMEWH,386,387
996/97,4.636,N?? ibn Man??r,Near East,997/98,SOMEWH,386,387
996/97,4.636,N?? ibn Man??r,Near East,997/98,SOMEWH,386,387
996/97,4.636,N?? ibn Man??r,Near East,997/98,SOMEWH,386,387
996/97,4.636,N?? ibn Man??r,Near East,997/98,SOMEWH,386,387
996/97,4.636,N?? ibn Man??r,Near East,997/98,SOMEWH,386,387
996/97,4.636,N?? ibn Man??r,Near East,997/98,SOMEWH,386,387
996/97,4.636,N?? ibn Man??r,Near East,997/98,SOMEWH,386,387
996/97,4.636,N?? ibn Man??r,Near East,997/98,SOMEWH,386,387
996/97,4.636,N?? ibn Man??r,Near East,997/98,SOMEWH,386,387
996/97,4.636,N?? ibn Man??r,Near East,997/98,SOMEWH,386,387
996/97,4.636,N?? ibn Man??r,Near East,997/98,SOMEWH,386,387
996/97,4.636,N?? ibn Man??r,Near East,997/98,SOMEWH,386,387
996/97,4.636,N?? ibn Man??r,Near East,997/98,SOMEWH,386,387
996/97,4.636,N?? ibn Man??r,Near East,997/98,SOMEWH,386,387
996/97,4.636,N?? ibn Man??r,Near East,997/98,SOMEWH,386,387
996/97,4.636,N?? ibn Man??r,Near East,997/98,SOMEWH,386,387
996/97,4.636,N?? ibn Man??r,Near East,997/98,SOMEWH,386,387
996/97,4.636,N?? ibn Man??r,Near East,997/98,SOMEWH,386,387
996/97,4.636,N?? ibn Man??r,Near East,997/98,SOMEWH,386,387
996/97,4.636,N?? ibn Man??r,Near East,997/98,SOMEWH,386,387
996/97,4.636,N?? ibn Man??r,Near East,997/98,SOMEWH,386,387
996/97,4.636,N?? ibn Man??r,Near East,997/98,SOMEWH,386,387
996/97,4.636,N?? ibn Man??r,Near East,997/98,SOMEWH,386,387
996/97,4.636,N?? ibn Man??r,Near East,997/98,SOMEWH,386,387
996/97,4.636,N?? ibn Man??r,Near East,997/98,SOMEWH,386,387
996/97,4.636,N?? ibn Man??r,Near East,997/98,SOMEWH,386,387
996/97,4.636,N?? ibn Man??r,Near East,997/98,SOMEWH,386,387
996/97,4.636,N?? ibn Man??r,Near East,997/98,SOMEWH,386,387
996/97,4.636,N?? ibn Man??r,Near East,997/98,SOMEWH,386,387
996/97,4.636,N?? ibn Man??r,Near East,997/98,SOMEWH,386,387
996/97,4.636,N?? ibn Man??r,Near East,997/98,SOMEWH,386,387
996/97,4.636,N?? ibn Man??r,Near East,997/98,SOMEWH,386,387
996/97,4.636,N?? ibn Man??r,Near East,997/98,SOMEWH,386,387
996/97,4.636,N?? ibn Man??r,Near East,997/98,SOMEWH,386,387
996/97,4.636,N?? ibn Man??r,Near East,997/98,SOMEWH,386,387
996/97,4.636,N?? ibn Man??r,Near East,997/98,SOMEWH,386,387
996/97,4.636,N?? ibn Man??r,Near East,997/98,SOMEWH,386,387
996/97,4.636,N?? ibn Man??r,Near East,997/98,SOMEWH,386,387
996/97,4.636,N?? ibn Man??r,Near East,997/98,SOMEWH,386,387
996/97,4.636,N?? ibn Man??r,Near East,997/98,SOMEWH,386,387
996/97,4.636,N?? ibn Man??r,Near East,997/98,SOMEWH,386,387
996/97,4.636,N?? ibn Man??r,Near East,997/98,SOMEWH,386,387
996/97,4.636,N?? ibn Man??r,Near East,997/98,SOMEWH,386,387
996/97,4.636,N?? ibn Man??r,Near East,997/98,SOMEWH,386,387
996/97,4.636,N?? ibn Man??r,Near East,997/98,SOMEWH,386,387
996/97,4.636,N?? ibn Man??r,Near East,997/98,SOMEWH,386,387
996/97,4.636,N?? ibn Man??r,Near East,997/98,SOMEWH,386,387
996/97,4.636,N?? ibn Man??r,Near East,997/98,SOMEWH,386,387
996/97,4.636,N?? ibn Man??r,Near East,997/98,SOMEWH,386,387
996/97,4.636,N?? ibn Man??r,Near East,997/98,SOMEWH,386,387
996/97,4.636,N?? ibn Man??r,Near East,997/98,SOMEWH,386,387
996/97,4.636,N?? ibn Man??r,Near East,997/98,SOMEWH,386,387
996/97,4.636,N?? ibn Man??r,Near East,997/98,SOMEWH,386,387
996/97,4.636,N?? ibn Man??r,Near East,997/98,SOMEWH,386,387
996/97,4.636,N?? ibn Man??r,Near East,997/98,SOMEWH,386,387
996/97,4.636,N?? ibn Man??r,Near East,997/98,SOMEWH,386,387
996/97,4.636,N?? ibn Man??r,Near East,997/98,SOMEWH,386,387
996/97,4.636,N?? ibn Man??r,Near East,997/98,SOMEWH,386,387
996/97,4.636,N?? ibn Man??r,Near East,997/98,SOMEWH,386,387
996/97,4.636,N?? ibn Man??r,Near East,997/98,SOMEWH,386,387
996/97,4.636,N?? ibn Man??r,Near East,997/98,SOMEWH,386,387
996/97,4.636,N?? ibn Man??r,Near East,997/98,SOMEWH,386,387
996/97,4.636,N?? ibn Man??r,Near East,997/98,SOMEWH,386,387
996/97,4.636,N?? ibn Man??r,Near East,997/98,SOMEWH,386,387
996/97,4.636,N?? ibn Man??r,Near East,997/98,SOMEWH,386,387
996/97,4.636,N?? ibn Man??r,Near East,997/98,SOMEWH,386,387
996/97,4.636,N?? ibn Man??r,Near East,997/98,SOMEWH,386,387
996/97,4.636,N?? ibn Man??r,Near East,997/98,SOMEWH,386,387
996/97,4.636,N?? ibn Man??r,Near East,997/98,SOMEWH,386,387
996/97,4.636,N?? ibn Man??r,Near East,997/98,SOMEWH,386,387
996/97,4.636,N?? ibn Man??r,Near East,997/98,SOMEWH,386,387
996/97,4.636,N?? ibn Man??r,Near East,997/98,SOMEWH,386,387
996/97,4.636,N?? ibn Man??r,Near East,997/98,SOMEWH,386,387
996/97,4.636,N?? ibn Man??r,Near East,997/98,SOMEWH,386,387
996/97,4.636,N?? ibn Man??r,Near East,997/98,SOMEWH,386,387
996/97,4.636,N?? ibn Man??r,Near East,997/98,SOMEWH,386,387
996/97,4.636,N?? ibn Man??r,Near East,997/98,SOMEWH,386,387
996/97,4.636,N?? ibn Man??r,Near East,997/98,SOMEWH,386,387
996/97,4.636,N?? ibn Man??r,Near East,997/98,SOMEWH,386,387
996/97,4.636,N?? ibn Man??r,Near East,997/98,SOMEWH,386,387
996/97,4.636,N?? ibn Man??r,Near East,997/98,SOMEWH,386,387
996/97,4.636,N?? ibn Man??r,Near East,997/98,SOMEWH,386,387
996/97,4.636,N?? ibn Man??r,Near East,997/98,SOMEWH,386,387
996/97,4.636,N?? ibn Man??r,Near East,997/98,SOMEWH,386,387
996/97,4.636,N?? ibn Man??r,Near East,997/98,SOMEWH,386,387
996/97,4.636,N?? ibn Man??r,Near East,997/98,SOMEWH,386,387
996/97,4.636,N?? ibn Man??r,Near East,997/98,SOMEWH,386,387
996/97,4.636,N?? ibn Man??r,Near East,997/98,SOMEWH,386,387
996/97,4.636,N?? ibn Man??r,Near East,997/98,SOMEWH,386,387
996/97,4.636,N?? ibn Man??r,Near East,997/98,SOMEWH,386,387
996/97,4.636,N?? ibn Man??r,Near East,997/98,SOMEWH,386,387
996/97,4.636,N?? ibn Man??r,Near East,997/98,SOMEWH,386,387
996/97,4.636,N?? ibn Man??r,Near East,997/98,SOMEWH,386,387
996/97,4.636,N?? ibn Man??r,Near East,997/98,SOMEWH,386,387
996/97,4.636,N?? ibn Man??r,Near East,997/98,SOMEWH,386,387
996/97,4.636,N?? ibn Man??r,Near East,997/98,SOMEWH,386,387
996/97,4.636,N?? ibn Man??r,Near East,997/98,SOMEWH,386,387
996/97,4.636,N?? ibn Man??r,Near East,997/98,SOMEWH,386,387
996/97,4.636,N?? ibn Man??r,Near East,997/98,SOMEWH,386,387
996/97,4.636,N?? ibn Man??r,Near East,997/98,SOMEWH,386,387
996/97,4.636,N?? ibn Man??r,Near East,997/98,SOMEWH,386,387
996/97,4.636,N?? ibn Man??r,Near East,997/98,SOMEWH,386,387
996/97,4.636,N?? ibn Man??r,Near East,997/98,SOMEWH,386,387
996/97,4.636,N?? ibn Man??r,Near East,997/98,SOMEWH,386,387
996/97,4.636,N?? ibn Man??r,Near East,997/98,SOMEWH,386,387
996/97,4.636,N?? ibn Man??r,Near East,997/98,SOMEWH,386,387
996/97,4.636,N?? ibn Man??r,Near East,997/98,SOMEWH,386,387
996/97,4.636,N?? ibn Man??r,Near East,997/98,SOMEWH,386,387
996/97,4.636,N?? ibn Man??r,Near East,997/98,SOMEWH,386,387
996/97,4.636,N?? ibn Man??r,Near East,997/98,SOMEWH,386,387
996/97,4.636,N?? ibn Man??r,Near East,997/98,SOMEWH,386,387
996/97,4.636,N?? ibn Man??r,Near East,997/98,SOMEWH,386,387
996/97,4.636,N?? ibn Man??r,Near East,997/98,SOMEWH,386,387
996/97,4.636,N?? ibn Man??r,Near East,997/98,SOMEWH,386,387
996/97,4.636,N?? ibn Man??r,Near East,997/98,SOMEWH,386,387
996/97,4.636,N?? ibn Man??r,Near East,997/98,SOMEWH,386,387
996/97,4.636,N?? ibn Man??r,Near East,997/98,SOMEWH,386,387
996/97,4.636,N?? ibn Man??r,Near East,997/98,SOMEWH,386,387
996/97,4.636,N?? ibn Man??r,Near East,997/98,SOMEWH,386,387
996/97,4.636,N?? ibn Man??r,Near East,997/98,SOMEWH,386,387
996/97,4.636,N?? ibn Man??r,Near East,997/98,SOMEWH,386,387
996/97,4.636,N?? ibn Man??r,Near East,997/98,SOMEWH,386,387
996/97,4.636,N?? ibn Man??r,Near East,997/98,SOMEWH,386,387
996/97,4.636,N?? ibn Man??r,Near East,997/98,SOMEWH,386,387
996/97,4.636,N?? ibn Man??r,Near East,997/98,SOMEWH,386,387
996/97,4.636,N?? ibn Man??r,Near East,997/98,SOMEWH,386,387
996/97,4.636,N?? ibn Man??r,Near East,997/98,SOMEWH,386,387
996/97,4.636,N?? ibn Man??r,Near East,997/98,SOMEWH,386,387
996/97,4.636,N?? ibn Man??r,Near East,997/98,SOMEWH,386,387
996/97,4.636,N?? ibn Man??r,Near East,997/98,SOMEWH,386,387
996/97,4.636,N?? ibn Man??r,Near East,997/98,SOMEWH,386,387
996/97,4.636,N?? ibn Man??r,Near East,997/98,SOMEWH,386,387
996/97,4.636,N?? ibn Man??r,Near East,997/98,SOMEWH,386,387
996/97,4.636,N?? ibn Man??r,Near East,997/98,SOMEWH,386,387
996/97,4.636,N?? ibn Man??r,Near East,997/98,SOMEWH,386,387
996/97,4.636,N?? ibn Man??r,Near East,997/98,SOMEWH,386,387
996/97,4.636,N?? ibn Man??r,Near East,997/98,SOMEWH,386,387
996/97,4.636,N?? ibn Man??r,Near East,997/98,SOMEWH,386,387
996/97,4.636,N?? ibn Man??r,Near East,997/98,SOMEWH,386,387
996/97,4.636,N?? ibn Man??r,Near East,997/98,SOMEWH,386,387
996/97,4.636,N?? ibn Man??r,Near East,997/98,SOMEWH,386,387
996/97,4.636,N?? ibn Man??r,Near East,997/98,SOMEWH,386,387
996/97,4.636,N?? ibn Man??r,Near East,997/98,SOMEWH,386,387
996/97,4.636,N?? ibn Man??r,Near East,997/98,SOMEWH,386,387
996/97,4.636,N?? ibn Man??r,Near East,997/98,SOMEWH,386,387
996/97,4.636,N?? ibn Man??r,Near East,997/98,SOMEWH,386,387
996/97,4.636,N?? ibn Man??r,Near East,997/98,SOMEWH,386,387
996/97,4.636,N?? ibn Man??r,Near East,997/98,SOMEWH,386,387
996/97,4.636,N?? ibn Man??r,Near East,997/98,SOMEWH,386,387
996/97,4.636,N?? ibn Man??r,Near East,997/98,SOMEWH,386,387
996/97,4.636,N?? ibn Man??r,Near East,997/98,SOMEWH,386,387
996/97,4.636,N?? ibn Man??r,Near East,997/98,SOMEWH,386,387
996/97,4.636,N?? ibn Man??r,Near East,997/98,SOMEWH,386,387
996/97,4.636,N?? ibn Man??r,Near East,997/98,SOMEWH,386,387
996/97,4.636,N?? ibn Man??r,Near East,997/98,SOMEWH,386,387
996/97,4.636,N?? ibn Man??r,Near East,997/98,SOMEWH,386,387
996/97,4.636,N?? ibn Man??r,Near East,997/98,SOMEWH,386,387
996/97,4.636,N?? ibn Man??r,Near East,997/98,SOMEWH,386,387
996/97,4.636,N?? ibn Man??r,Near East,997/98,SOMEWH,386,387
996/97,4.636,N?? ibn Man??r,Near East,997/98,SOMEWH,386,387
997/98,4.636,N?? ibn Man??r,Near East,997/98,SOMEWH,387,387
997/98,4.636,N?? ibn Man??r,Near East,997/98,SOMEWH,387,387
997/98,4.636,N?? ibn Man??r,Near East,997/98,SOMEWH,387,387
997/98,4.636,N?? ibn Man??r,Near East,997/98,SOMEWH,387,387
997/98,4.636,N?? ibn Man??r,Near East,997/98,SOMEWH,387,387
997/98,4.636,N?? ibn Man??r,Near East,997/98,SOMEWH,387,387
997/98,4.636,N?? ibn Man??r,Near East,997/98,SOMEWH,387,387
997/98,4.636,N?? ibn Man??r,Near East,997/98,SOMEWH,387,387
997/98,4.636,N?? ibn Man??r,Near East,997/98,SOMEWH,387,387
997/98,4.636,N?? ibn Man??r,Near East,997/98,SOMEWH,387,387
997/98,4.636,N?? ibn Man??r,Near East,997/98,SOMEWH,387,387
997/98,4.636,N?? ibn Man??r,Near East,997/98,SOMEWH,387,387
997/98,4.636,N?? ibn Man??r,Near East,997/98,SOMEWH,387,387
997/98,4.636,N?? ibn Man??r,Near East,997/98,SOMEWH,387,387
997/98,4.636,N?? ibn Man??r,Near East,997/98,SOMEWH,387,387
997/98,4.636,N?? ibn Man??r,Near East,997/98,SOMEWH,387,387
997/98,4.636,N?? ibn Man??r,Near East,997/98,SOMEWH,387,387
997/98,4.636,N?? ibn Man??r,Near East,997/98,SOMEWH,387,387
997/98,4.636,N?? ibn Man??r,Near East,997/98,SOMEWH,387,387
997/98,4.636,N?? ibn Man??r,Near East,997/98,SOMEWH,387,387
997/98,4.636,N?? ibn Man??r,Near East,997/98,SOMEWH,387,387
997/98,4.636,N?? ibn Man??r,Near East,997/98,SOMEWH,387,387
997/98,4.636,N?? ibn Man??r,Near East,997/98,SOMEWH,387,387
997/98,4.636,N?? ibn Man??r,Near East,997/98,SOMEWH,387,387
997/98,4.636,N?? ibn Man??r,Near East,997/98,SOMEWH,387,387
997/98,4.636,N?? ibn Man??r,Near East,997/98,SOMEWH,387,387
997/98,4.636,N?? ibn Man??r,Near East,997/98,SOMEWH,387,387
997/98,4.636,N?? ibn Man??r,Near East,997/98,SOMEWH,387,387
997/98,4.636,N?? ibn Man??r,Near East,997/98,SOMEWH,387,387
997/98,4.636,N?? ibn Man??r,Near East,997/98,SOMEWH,387,387
986/87,4.636,N?? ibn Man??r,Southeast Baltic,986/87,KRASNAI,376,376
931/32,2.9,Yahy? ibn A?mad,Southeast Baltic,1046/47,LEVALA ,319,438
931/32,2.9,Yahy? ibn A?mad,Russia,939/40,MUROM,319,328
931/32,2.9,Yahy? ibn A?mad,Russia,939/40,MUROM,319,328
931/32,2.9,Yahy? ibn A?mad,Russia,939/40,MUROM,319,328
931/32,2.9,Yahy? ibn A?mad,Russia,939/40,MUROM,319,328
931/32,2.9,Yahy? ibn A?mad,Russia,939/40,MUROM,319,328
931/32,2.9,Yahy? ibn A?mad,Russia,939/40,MUROM,319,328
931/32,2.9,Yahy? ibn A?mad ,Russia,939/40,MUROM,319,328
931/32,2.9,Yahy? ibn A?mad  ,Sweden,953/54,KASTLÖSA,319,342
