Date,Weight (in grams),Leader,Region,TPQ,Hoard Name,Hegira Date,Hegira TPQ
892/93,3.09442623,Ism?c?l ibn A?mad,Denmark,960,TERSLEV ,279,349
892-907,3.09442623,Ism?c?l ibn A?mad,Russia,935/36,KIEV II ,279,324
902/03,3.08,Ism?c?l ibn A?mad,Southeast Baltic,979,KEHRA,290,369
902/03,3.12,Ism?c?l ibn A?mad,Southeast Baltic,979,KEHRA,290,369
902/03,3.09442623,Ism?c?l ibn A?mad,Sweden,944/45,GANNAR,290,333
921/22,3.5,Loyl? ibn Nucman ,Sweden,957/58,HÄFFINDS,309,346
921/22,3.87,Loyl? ibn Nucman ,Sweden,957/58,STORA VE,309,346
921/22,3.2725,Loyl? ibn Nucman ,Sweden,957/58,STORA VE,309,346
902/03,3.09442623,Ism?c?l ibn A?mad,Denmark,960,TERSLEV ,290,349
902/03,2.65,?r ibn A?mad,Sweden,944/45,GANNAR,290,333
904/05,3.09442623,Ism?c?l ibn A?mad,Denmark,960,TERSLEV ,292,349
905/06,2.13,Ism?c?l ibn A?mad,Sweden,954/55,HERMING,293,343
905/06,2.52,Ism?c?l ibn A?mad,Sweden,957/58,STORA VE,293,346
905/06,2.53,Ism?c?l ibn A?mad,Sweden,991,ÖSTJÄDR,293,381
905/06,2.84,Ism?c?l ibn A?mad,Southeast Baltic,979,KEHRA,293,369
905/06,2.85,Ism?c?l ibn A?mad,Russia,908/09,NEAR DUB,293,296
905/06,2.92,Ism?c?l ibn A?mad,Sweden,991,HÄGVALD,293,381
905/06,2.96,Ism?c?l ibn A?mad,Southeast Baltic,979,KEHRA,293,369
920-921,3.2725,Loyl? ibn Nucman,Russia,944/45,KOZ’IANK,308,333
920-921,3.2725,Loyl? ibn Nucman,Russia,944/45,KOZ’IANK,308,333
932-934,3.026581197,?r ibn A?mad,Russia,955/56,PINSK,308,344
906/07,3.09442623,Ism?c?l ibn A?mad,Germany,921/22,GIEKAU/D,309,309
921/22,2.66,Loyl? ibn Nucman ,Sweden,991,HULTE ,309,381
921/22,3.06,Loyl? ibn Nucman ,Sweden,991,HÄGVALD,309,381
921/22,3.2725,Loyl? ibn Nucman ,Southeast Baltic,977/78,ERRA-LIIV,309,367
905/06,3.09442623,Ism?c?l ibn A?mad,Sweden,953/54,RANGSAR,293,342
914/15,3.3,?r ibn A?mad,Norway,921/22,GRIMESTA,302,309
905/06,3.09442623,Ism?c?l ibn A?mad,Sweden,957/58,HÄFFINDS,293,346
905/06,3.09442623,Ism?c?l ibn A?mad,Sweden,961/62,BJÄRS/BJE,293,350
905/06,3.09442623,Ism?c?l ibn A?mad,Sweden,973,BOTES/BO,293,363
905/06,3.09442623,Ism?c?l ibn A?mad,Sweden,973/74,LILLA RON,293,363
905/06,3.09442623,Ism?c?l ibn A?mad,Sweden,973/74,LILLA RON,293,363
905/06,3.09442623,Ism?c?l ibn A?mad,Sweden,991,SNÄCKAR,293,381
905/06,3.09442623,Ism?c?l ibn A?mad,Denmark,924/25,NEBLE ,293,312
905/06,3.09442623,Ism?c?l ibn A?mad,Denmark,942/43,GRISEBJER,293,331
905/06,3.09442623,Ism?c?l ibn A?mad,Denmark,942/43,GRISEBJER,293,331
905/06,3.09442623,Ism?c?l ibn A?mad,Denmark,942/43,GRISEBJER,293,331
905/06,3.09442623,Ism?c?l ibn A?mad,Denmark,960,TERSLEV ,293,349
905/06,3.09442623,Ism?c?l ibn A?mad,Southeast Baltic,1002/03,PEUTH/KL,293,393
906/07,2.16,Ism?c?l ibn A?mad,Sweden,953/54,RANGSAR,294,342
906/07,2.5,Ism?c?l ibn A?mad,Sweden,994,KVARNE (,294,384
906/07,2.64,Ism?c?l ibn A?mad,Sweden,976/77,ÖVIDE/U,294,366
906/07,2.78,Ism?c?l ibn A?mad,Sweden,972/73,BRYOR ,294,362
906/07,2.83,Ism?c?l ibn A?mad,Denmark,942/43,GRISEBJER,294,331
906/07,2.87,Ism?c?l ibn A?mad,Sweden,957/58,HÄFFINDS,294,346
906/07,2.89,Ism?c?l ibn A?mad,Russia,978/79,STARYI DE,294,368
906/07,2.9,Ism?c?l ibn A?mad,Sweden,958/59,RONDARV,294,347
906/07,2.92,Ism?c?l ibn A?mad,Sweden,1053,SIGSARVE ,294,445
906/07,2.94,Ism?c?l ibn A?mad,Sweden,946/447,ALVA/LILL,294,335
906/07,2.95,Ism?c?l ibn A?mad,Sweden,954/55,GULLARVE,294,343
906/07,2.95,Ism?c?l ibn A?mad,Sweden,958/59,RANGSAR,294,347
906/07,2.97,Ism?c?l ibn A?mad,Sweden,964/65,SMEDBY ,294,353
906/07,2.98,Ism?c?l ibn A?mad,Sweden,957/58,LUNDS ,294,346
906/07,3,Ism?c?l ibn A?mad,Sweden,940/41,BÅTA ,294,329
906/07,3.02,Ism?c?l ibn A?mad,Sweden,955/56,BURGE ,294,344
906/07,3.04,Ism?c?l ibn A?mad,Sweden,953/54,RANGSAR,294,342
906/07,3.05,Ism?c?l ibn A?mad,Sweden,954/55,MARTILLE ,294,343
906/07,3.06,Ism?c?l ibn A?mad,Sweden,937,JUGÄNNE,294,326
906/07,3.07,Ism?c?l ibn A?mad,Sweden,953/54,RANGSAR,294,342
906/07,3.08,Ism?c?l ibn A?mad,Russia,909/10,MEDIEVAL,294,297
906/07,3.1,Ism?c?l ibn A?mad,Sweden,991,HÄGVALD,294,381
906/07,3.16,Ism?c?l ibn A?mad,Near East,936/37,ISFAHAN ,294,325
906/07,3.18,Ism?c?l ibn A?mad,Sweden,952/53,TUER ,294,341
906/07,3.25,Ism?c?l ibn A?mad,Sweden,991,FÖLHAGE,294,381
906/07,3.26,Ism?c?l ibn A?mad,Southeast Baltic,979,KEHRA,294,369
906/07,3.29,Ism?c?l ibn A?mad,Sweden,954/55,MARTILLE ,294,343
906/07,3.34,Ism?c?l ibn A?mad,Denmark,910/11,OVER RA,294,298
906/07,3.38,Ism?c?l ibn A?mad,Sweden,991,HÄGVALD,294,381
906/07,3.52,Ism?c?l ibn A?mad,Sweden,994,KVARNE (,294,384
906/07,3.55,Ism?c?l ibn A?mad,Sweden,991,HÄGVALD,294,381
906/07,3.58,Ism?c?l ibn A?mad,Sweden,994,KVARNE (,294,384
906/07,3.67,Ism?c?l ibn A?mad,Sweden,954/55,STORA TU,294,343
906/07,3.68,Ism?c?l ibn A?mad,Sweden,952/53,TUER ,294,341
906/07,3.7,Ism?c?l ibn A?mad,Sweden,957/58,HÄFFINDS,294,346
906/07,3.09442623,Ism?c?l ibn A?mad,Russia,911/12,LETSIKOV,294,299
906/07,3.09442623,Ism?c?l ibn A?mad,Russia,911/12,LETSIKOV,294,299
906/07,3.09442623,Ism?c?l ibn A?mad,Russia,911/12,LETSIKOV,294,299
906/07,3.09442623,Ism?c?l ibn A?mad,Russia,911/12,LETSIKOV,294,299
906/07,3.09442623,Ism?c?l ibn A?mad,Russia,913/14,PAL’TSEV,294,301
906/07,3.09442623,Ism?c?l ibn A?mad,Russia,914/15,LUZHKI ,294,302
906/07,3.09442623,Ism?c?l ibn A?mad,Russia,923/24,GNEZDOV,294,311
906/07,3.09442623,Ism?c?l ibn A?mad,Russia,939/40,MUROM,294,328
906/07,3.09442623,Ism?c?l ibn A?mad,Russia,939/40,MUROM,294,328
906/07,3.09442623,Ism?c?l ibn A?mad,Russia,939/40,MUROM,294,328
906/07,3.09442623,Ism?c?l ibn A?mad,Russia,939/40,MUROM,294,328
906/07,3.09442623,Ism?c?l ibn A?mad,Russia,944/45,BELORUSS,294,333
906/07,3.09442623,Ism?c?l ibn A?mad,Russia,953/54,TSIMLIAN,294,342
906/07,3.09442623,Ism?c?l ibn A?mad,Sweden,1018,KÄNNUN,294,409
906/07,3.09442623,Ism?c?l ibn A?mad,Sweden,930/31,TRIBERGA ,294,318
906/07,3.09442623,Ism?c?l ibn A?mad,Sweden,940/41,UGGÅRDS ,294,329
906/07,3.09442623,Ism?c?l ibn A?mad,Sweden,944/45,GANNAR,294,333
906/07,3.09442623,Ism?c?l ibn A?mad,Sweden,943/44,UGGÅRDS,294,332
906/07,3.09442623,Ism?c?l ibn A?mad,Sweden,943/44,UGGÅRDS,294,332
906/07,3.09442623,Ism?c?l ibn A?mad,Sweden,943/44,UGGÅRDS,294,332
906/07,3.09442623,Ism?c?l ibn A?mad,Sweden,952/53,GOTLAND ,294,341
906/07,3.09442623,Ism?c?l ibn A?mad,Sweden,953/54,PETSARVE,294,342
906/07,3.09442623,Ism?c?l ibn A?mad,Sweden,953/54,RANGSAR,294,342
906/07,3.09442623,Ism?c?l ibn A?mad,Sweden,953/54,RANGSAR,294,342
906/07,3.09442623,Ism?c?l ibn A?mad,Sweden,957/58,EKESKOGS,294,346
906/07,3.09442623,Ism?c?l ibn A?mad,Sweden,957/58,EKESKOGS,294,346
906/07,3.09442623,Ism?c?l ibn A?mad,Sweden,957/58,EKESKOGS,294,346
906/07,3.09442623,Ism?c?l ibn A?mad,Sweden,961/62,RUMS ,294,350
906/07,3.09442623,Ism?c?l ibn A?mad,Sweden,961/62,RUMS ,294,350
906/07,3.09442623,Ism?c?l ibn A?mad,Sweden,961/62,RUMS ,294,350
906/07,3.09442623,Ism?c?l ibn A?mad,Sweden,969/70,MANNEG,294,359
906/07,3.09442623,Ism?c?l ibn A?mad,Sweden,969/70,MANNEG,294,359
906/07,3.09442623,Ism?c?l ibn A?mad,Sweden,973,BOTES/BO,294,363
906/07,3.09442623,Ism?c?l ibn A?mad,Sweden,973,BOTES/BO,294,363
906/07,3.09442623,Ism?c?l ibn A?mad,Sweden,973/74,LILLA RON,294,363
906/07,3.09442623,Ism?c?l ibn A?mad,Sweden,991,VIVLINGS,294,381
906/07,3.09442623,Ism?c?l ibn A?mad,Sweden,991,SNÄCKAR,294,381
906/07,3.09442623,Ism?c?l ibn A?mad,Sweden,991,SNÄCKAR,294,381
906/07,3.09442623,Ism?c?l ibn A?mad,Denmark,960,TERSLEV ,294,349
906/07,3.09442623,Ism?c?l ibn A?mad,Denmark,960,TERSLEV ,294,349
906/07,3.09442623,Ism?c?l ibn A?mad,Denmark,960,TERSLEV ,294,349
906/07,3.09442623,Ism?c?l ibn A?mad,Southeast Baltic,912/13,N VESSAL,294,300
906/07,3.09442623,Ism?c?l ibn A?mad,Southeast Baltic,940/41,PÕLTSAM,294,329
906/07,3.09442623,Ism?c?l ibn A?mad,Southeast Baltic,951/52,SAUE (FRI,294,340
906/07,3.09442623,Ism?c?l ibn A?mad,Southeast Baltic,951/52,SAUE (FRI,294,340
906/07,3.09442623,Ism?c?l ibn A?mad,Southeast Baltic,954/55,KOIGI/KOI,294,343
906/07,3.09442623,Ism?c?l ibn A?mad,Southeast Baltic,1009/10,PAUNKÜL,294,400
906/07,3.09442623,Ism?c?l ibn A?mad,Southeast Baltic,1014/15,IMMAKÜL,294,405
907/08,2.52,Ism?c?l ibn A?mad,Sweden,957/58,STORA VE,295,346
907/08,3.09442623,Ism?c?l ibn A?mad,Sweden,991,SNÄCKAR,295,381
907/08,3.09442623,Ism?c?l ibn A?mad,Denmark,960,TERSLEV ,295,349
907/08,2.59,A?mad ibn Ism?c?l,Denmark,919-21,SIGERSLE,295,307
907/08,2.71,A?mad ibn Ism?c?l,Sweden,958/59,RONDARV,295,347
907/08,2.81,A?mad ibn Ism?c?l,Russia,908/09,NEAR DUB,295,296
907/08,2.84,A?mad ibn Ism?c?l,Sweden,991,HÄGVALD,295,381
907/08,2.85,A?mad ibn Ism?c?l,Sweden,1002,DIGERÅKR,295,393
907/08,2.9265,A?mad ibn Ism?c?l,Russia,911/12,LETSIKOV,295,299
907/08,2.9265,A?mad ibn Ism?c?l,Russia,914/15,LUZHKI ,295,302
907/08,2.9265,A?mad ibn Ism?c?l,Russia,939/40,MUROM,295,328
907/08,2.9265,A?mad ibn Ism?c?l,Russia,939/40,MUROM,295,328
907/08,2.9265,A?mad ibn Ism?c?l,Sweden,930/31,TRIBERGA ,295,318
907/08,2.9265,A?mad ibn Ism?c?l,Sweden,930/31,TRIBERGA ,295,318
907/08,2.9265,A?mad ibn Ism?c?l,Sweden,957/58,BIRKA ,295,346
907/08,2.9265,A?mad ibn Ism?c?l,Sweden,991,FÖLHAGE,295,381
907/08,2.9265,A?mad ibn Ism?c?l,Sweden,991,FÖLHAGE,295,381
907/08,2.9265,A?mad ibn Ism?c?l,Sweden,991,FÖLHAGE,295,381
907/08,2.9265,A?mad ibn Ism?c?l,Sweden,991,HÄGVALD,295,381
907-913,2.9265,A?mad ibn Ism?c?l,Sweden,924/25,BRÄCKE,295,312
908/09,3.09442623,Ism?c?l ibn A?mad,Russia,914/15,LUZHKI ,296,302
908/09,1.99,A?mad ibn Ism?c?l,Sweden,957/58,HÄFFINDS,296,346
908/09,2.93,A?mad ibn Ism?c?l,Sweden,991,HÄGVALD,296,381
908/09,4.12,A?mad ibn Ism?c?l,Sweden,944/45,GANNAR,296,333
909/10,3.09442623,Ism?c?l ibn A?mad,Denmark,924/25,NEBLE ,297,312
909/10,2.96,A?mad ibn Ism?c?l,Sweden,1053,SIGSARVE ,297,445
909/10,2.9265,A?mad ibn Ism?c?l,Sweden,994,KVARNE (,297,384
910,2.9265,A?mad ibn Ism?c?l,Russia,914,PAPINSK,298,302
910/11,2.92,A?mad ibn Ism?c?l,Southeast Baltic,979,KEHRA,298,369
910/11,3.06,A?mad ibn Ism?c?l,Sweden,1053,SIGSARVE ,298,445
910/11,2.9265,A?mad ibn Ism?c?l,Russia,914/15,LUZHKI ,298,302
910/11,2.9265,A?mad ibn Ism?c?l,Russia,939/40,MUROM,298,328
910/11,2.9265,A?mad ibn Ism?c?l,Russia,953/54,TSIMLIAN,298,342
914/15,3.026581197,?r ibn A?mad,Sweden,983,BOTELS ,302,373
914/15,3.026581197,?r ibn A?mad,Sweden,991,FÖLHAGE,302,381
914/15,3.026581197,?r ibn A?mad,Sweden,991,FÖLHAGE,302,381
914/15,3.026581197,?r ibn A?mad,Sweden,991,FÖLHAGE,302,381
914/15,3.026581197,?r ibn A?mad,Sweden,991,FÖLHAGE,302,381
914/15,3.026581197,?r ibn A?mad,Sweden,991,FÖLHAGE,302,381
914/15,3.026581197,?r ibn A?mad,Sweden,991,FÖLHAGE,302,381
914/15,3.026581197,?r ibn A?mad,Sweden,991,HÄGVALD,302,381
914/15,3.026581197,?r ibn A?mad,Sweden,991,SNÄCKAR,302,381
914/15,3.026581197,?r ibn A?mad,Sweden,994,KVARNE (,302,384
914/15,3.026581197,?r ibn A?mad,Sweden,994,KVARNE (,302,384
914/15,3.026581197,?r ibn A?mad,Denmark,961/62,DAMMEG,302,350
914/15,3.026581197,?r ibn A?mad,Southeast Baltic,940/41,PÕLTSAM,302,329
914/15,3.026581197,?r ibn A?mad,Southeast Baltic,951/52,SAUE (FRI,302,340
914/15,3.026581197,?r ibn A?mad,Southeast Baltic,954/55,KOIGI/KOI,302,343
914-943,2.92,?r ibn A?mad,Near East,936/37,ISFAHAN ,302,325
914-943,3.026581197,?r ibn A?mad,Russia,944/45,BELORUSS,302,333
914-943,3.026581197,?r ibn A?mad,Sweden,939/40,VÄSTRIS ,302,328
914-943,3.026581197,?r ibn A?mad,Sweden,942/43,UTOJE/UT,302,331
915/16,3.026581197,?r ibn A?mad,Russia,939/40,MUROM,303,328
915/16,3.026581197,?r ibn A?mad,Russia,953/54,TSIMLIAN,303,342
915/16,3.026581197,?r ibn A?mad,Sweden,939/40,SOMEWH,303,328
915/16,3.026581197,?r ibn A?mad,Sweden,940/41,BÅTA ,303,329
915/16,3.026581197,?r ibn A?mad,Sweden,954/55,STORA TU,303,343
915/16,3.026581197,?r ibn A?mad,Germany,976/77,WATERNE,303,366
916/17,3.03,?r ibn A?mad,Sweden,991,HÄGVALD,304,381
916/17,3.026581197,?r ibn A?mad,Russia,939/40,MUROM,304,328
917/18,3.026581197,?r ibn A?mad,Russia,939/40,MUROM,305,328
917/18,3.026581197,?r ibn A?mad,Russia,939/40,MUROM,305,328
917/18,3.026581197,?r ibn A?mad,Sweden,991,ÖSTJÄDR,305,381
917/18,3.026581197,?r ibn A?mad,Germany,976/77,WATERNE,305,366
918/19,2.5,?r ibn A?mad,Near East,936/37,ISFAHAN ,306,325
918/19,2.78,?r ibn A?mad,Sweden,972/73,GÖSTAFS/,306,362
918/19,2.97,?r ibn A?mad,Sweden,1053,SIGSARVE ,306,445
918/19,3,?r ibn A?mad,Sweden,972/73,GÖSTAFS/,306,362
918/19,3.16,?r ibn A?mad,Near East,936/37,ISFAHAN ,306,325
918/19,3.026581197,?r ibn A?mad,Russia,935/36,KIEV II ,306,324
918/19,3.026581197,?r ibn A?mad,Russia,939/40,MUROM,306,328
918/19,3.026581197,?r ibn A?mad,Russia,939/40,MUROM,306,328
918/19,3.026581197,?r ibn A?mad,Russia,939/40,MUROM,306,328
918/19,3.026581197,?r ibn A?mad,Russia,939/40,MUROM,306,328
918/19,3.026581197,?r ibn A?mad,Russia,973/74,NEAR THE,306,363
918/19,3.026581197,?r ibn A?mad,Sweden,940/41,UGGÅRDS ,306,329
918/19,3.026581197,?r ibn A?mad,Sweden,942/43,UTOJE/UT,306,331
918/19,3.026581197,?r ibn A?mad,Sweden,943/44,UGGÅRDS,306,332
918/19,3.026581197,?r ibn A?mad,Sweden,957/58,EKESKOGS,306,346
918/19,3.026581197,?r ibn A?mad,Sweden,957/58,EKESKOGS,306,346
918/19,3.026581197,?r ibn A?mad,Sweden,965,LUND,306,354
918/19,3.026581197,?r ibn A?mad,Sweden,969/70,MANNEG,306,359
918/19,3.026581197,?r ibn A?mad,Sweden,969/70,MANNEG,306,359
918/19,3.026581197,?r ibn A?mad,Sweden,971/72,UGGÅRDS,306,361
918/19,3.026581197,?r ibn A?mad,Sweden,978,SIGTERS (L,306,368
918/19,3.026581197,?r ibn A?mad,Sweden,983,BOTELS ,306,373
918/19,3.026581197,?r ibn A?mad,Southeast Baltic,980/81,EASTERN,306,370
919/20,3.26,A?mad ibn Ism?c?l,Sweden,964/65,SMEDBY ,307,353
919/20,2.46,?r ibn A?mad,Sweden,952/53,TUER ,307,341
919/20,2.48,?r ibn A?mad,Sweden,953/54,PETSARVE,307,342
919/20,2.75,?r ibn A?mad,Southeast Baltic,979,KEHRA,307,369
919/20,3.17,?r ibn A?mad,Sweden,954/55,MARTILLE ,307,343
919/20,3.026581197,?r ibn A?mad,Russia,939/40,MUROM,307,328
919/20,3.026581197,?r ibn A?mad,Sweden,940-944,NORS ,307,329
919/20,3.026581197,?r ibn A?mad,Sweden,943/44,UGGÅRDS,307,332
919/20,3.026581197,?r ibn A?mad,Sweden,943/44,UGGÅRDS,307,332
919/20,3.026581197,?r ibn A?mad,Sweden,950/60,BUTERS ,307,339
921/22,3.026581197,?r ibn A?mad,Southeast Baltic,951/52,SAUE (FRI,309,340
921/22,3.026581197,?r ibn A?mad,Southeast Baltic,951/52,SAUE (FRI,309,340
922/23,2.78,?r ibn A?mad,Sweden,991,HÄGVALD,310,381
922/23,2.79,?r ibn A?mad,Sweden,957/58,STORA VE,310,346
922/23,3.06,?r ibn A?mad,Sweden,1029,KVIENDE ,310,420
922/23,3.56,?r ibn A?mad,Sweden,944/45,GANNAR,310,333
922/23,3.65,?r ibn A?mad,Sweden,954/55,YXNARUM,310,343
922/23,3.94,?r ibn A?mad,Sweden,976/77,ÖVIDE/U,310,366
922/23,3.026581197,?r ibn A?mad,Russia,935/36,KIEV II ,310,324
922/23,3.026581197,?r ibn A?mad,Russia,939/40,MUROM,310,328
922/23,3.026581197,?r ibn A?mad,Sweden,942/43,UTOJE/UT,310,331
922/23,3.026581197,?r ibn A?mad,Sweden,942/43,UTOJE/UT,310,331
922/23,3.026581197,?r ibn A?mad,Sweden,942/43,UTOJE/UT,310,331
922/23,3.026581197,?r ibn A?mad,Sweden,944/45,GANNAR,310,333
922/23,3.026581197,?r ibn A?mad,Poland,976,ZALESIE ,310,366
922/23,3.026581197,?r ibn A?mad,Southeast Baltic,1002/03,WÖLLA/V,310,393
924/25,2.98,?r ibn A?mad,Sweden,957/58,STORA VE,312,346
924/25,3.026581197,?r ibn A?mad,Russia,939/40,MUROM,312,328
924/25,3.026581197,?r ibn A?mad,Sweden,939/40,VÄSTRIS ,312,328
924/25,3.026581197,?r ibn A?mad,Sweden,961/62,BJÄRS/BJE,312,350
924/25,3.026581197,?r ibn A?mad,Sweden,961/62,BJÄRS/BJE,312,350
924/25,3.026581197,?r ibn A?mad,Sweden,976/77,ÖVIDE/U,312,366
925/26,2.64,?r ibn A?mad,Russia,935/36,MARAMA,313,324
925/26,2.72,?r ibn A?mad,Sweden,994,KVARNE (,313,384
925/26,2.74,?r ibn A?mad,Sweden,961/62,BJÄRS/BJE,313,350
925/26,3.11,?r ibn A?mad,Sweden,991,HÄGVALD,313,381
925/26,3.026581197,?r ibn A?mad,Russia,976/77,BORKI IV ,313,366
925/26,3.026581197,?r ibn A?mad,Sweden,940/41,UGGÅRDS ,313,329
925/26,3.026581197,?r ibn A?mad,Sweden,957/58,STORA VE,313,346
925/26,3.026581197,?r ibn A?mad,Sweden,957/58,EKESKOGS,313,346
925/26,3.026581197,?r ibn A?mad,Sweden,950/60,BUTERS ,313,339
925/26,3.026581197,?r ibn A?mad,Sweden,961/62,RUMS ,313,350
925/26,3.026581197,?r ibn A?mad,Sweden,971/72,UGGÅRDS,313,361
926/27,2.24,?r ibn A?mad,Near East,961/62,NEAR EAS,314,350
926/27,2.45,?r ibn A?mad,Sweden,955/56,BURGE ,314,344
926/27,3.026581197,?r ibn A?mad,Russia,939/40,MUROM,314,328
926/27,3.026581197,?r ibn A?mad,Sweden,944/45,GANNAR,314,333
926/27,3.026581197,?r ibn A?mad,Sweden,958/59,HAGEBY,314,347
926/27,3.026581197,?r ibn A?mad,Sweden,973,BOTES/BO,314,363
926/27,3.026581197,?r ibn A?mad,Sweden,983,BOTELS ,314,373
926/27,3.026581197,?r ibn A?mad,Sweden,991,FÖLHAGE,314,381
926/27,3.026581197,?r ibn A?mad,Sweden,991,ÖSTJÄDR,314,381
926/27,3.026581197,?r ibn A?mad,Germany,976/77,WATERNE,314,366
927/28,3.17,?r ibn A?mad,Sweden,1018,KÄNNUN,315,409
927/28,3.026581197,?r ibn A?mad,Southeast Baltic,954/55,KOIGI/KOI,315,343
928/29,3.026581197,?r ibn A?mad,Russia,939/40,MUROM,316,328
928/29,3.026581197,?r ibn A?mad,Russia,939/40,MUROM,316,328
928/29,3.026581197,?r ibn A?mad,Russia,939/40,MUROM,316,328
928/29,3.026581197,?r ibn A?mad,Russia,939/40,MUROM,316,328
928/29,3.026581197,?r ibn A?mad,Russia,939/40,MUROM,316,328
928/29,3.026581197,?r ibn A?mad,Russia,939/40,MUROM,316,328
928/29,3.026581197,?r ibn A?mad,Russia,939/40,MUROM,316,328
928/29,3.026581197,?r ibn A?mad,Russia,953/54,BOBRIK ,316,342
929/30,3.026581197,?r ibn A?mad,Russia,939/40,MUROM,317,328
929/30,3.026581197,?r ibn A?mad,Sweden,939/40,VÄSTRIS ,317,328
929/30,3.026581197,?r ibn A?mad,Sweden,953/54,RANGSAR,317,342
929/30,3.026581197,?r ibn A?mad,Sweden,971/72,UGGÅRDS,317,361
930/31,3.026581197,?r ibn A?mad,Russia,939/40,MUROM,318,328
930/31,3.026581197,?r ibn A?mad,Sweden,950/60,BUTERS ,318,339
930/31,3.026581197,?r ibn A?mad,Denmark,993/94,VAALSE,318,383
931/32,2.9,Yahy? ibn A?mad  ,Sweden,953/54,KASTLÖSA,319,342
931/32,2.9,Yahy? ibn A?mad ,Russia,939/40,MUROM,319,328
931/32,2.9,Yahy? ibn A?mad,Southeast Baltic,1046/47,LEVALA ,319,438
931/32,2.9,Yahy? ibn A?mad,Russia,939/40,MUROM,319,328
931/32,2.9,Yahy? ibn A?mad,Russia,939/40,MUROM,319,328
931/32,2.9,Yahy? ibn A?mad,Russia,939/40,MUROM,319,328
931/32,2.9,Yahy? ibn A?mad,Russia,939/40,MUROM,319,328
931/32,2.9,Yahy? ibn A?mad,Russia,939/40,MUROM,319,328
931/32,2.9,Yahy? ibn A?mad,Russia,939/40,MUROM,319,328
931/32,3.026581197,?r ibn A?mad,Russia,939/40,MUROM,319,328
931/32,3.026581197,?r ibn A?mad,Sweden,953/54,KASTLÖSA,319,342
931-940,3.026581197,?r ibn A?mad,Sweden,953/54,KASTLÖSA,319,342
931-940,3.026581197,?r ibn A?mad,Sweden,953/54,KASTLÖSA,319,342
931-940,3.026581197,?r ibn A?mad,Sweden,953/54,KASTLÖSA,319,342
932,3.28,?r ibn A?mad,Sweden,963/64,LILLA VIKE,320,352
932,3.026581197,?r ibn A?mad,Russia,939/40,MUROM,320,328
932,3.026581197,?r ibn A?mad,Russia,939/40,MUROM,320,328
932,3.026581197,?r ibn A?mad,Russia,939/40,MUROM,320,328
932,3.026581197,?r ibn A?mad,Russia,944/45,BELORUSS,320,333
932,3.026581197,?r ibn A?mad,Russia,953/54,BOBRIK ,320,342
932,3.026581197,?r ibn A?mad,Sweden,965,LUND,320,354
932,3.026581197,?r ibn A?mad,Sweden,973,GRAUSNE,320,363
932,3.026581197,?r ibn A?mad,Denmark,961/62,DAMMEG,320,350
932,3.026581197,?r ibn A?mad,Southeast Baltic,947/48,MÄKSA (,320,336
932/33,2.76,?r ibn A?mad,Sweden,958/59,PAVALDS ,320,347
932/33,2.85,?r ibn A?mad,Sweden,1039,KARLS ,320,431
932/33,2.85,?r ibn A?mad,Sweden,957/58,HÄFFINDS,320,346
932/33,3.17,?r ibn A?mad,Southeast Baltic,1013/14,VAABINA ,320,404
932/33,3.26,?r ibn A?mad,Sweden,953/54,RANGSAR,320,342
932/33,3.026581197,?r ibn A?mad,Sweden,953,FILBORNA,320,342
932/33,3.026581197,?r ibn A?mad,Sweden,953/54,RANGSAR,320,342
932/33,3.026581197,?r ibn A?mad,Sweden,953/54,RANGSAR,320,342
932/33,3.026581197,?r ibn A?mad,Sweden,958/59,RANGSAR,320,347
932/33,3.026581197,?r ibn A?mad,Sweden,991,VIVLINGS,320,381
933,2.76,?r ibn A?mad,Sweden,957/58,STORA VE,321,346
933,2.84,?r ibn A?mad,Russia,957/58,ZVENICHE,321,346
933,3,?r ibn A?mad,Sweden,958/59,RONDARV,321,347
933,3,?r ibn A?mad,Sweden,976/77,ÖVIDE/U,321,366
933,3.22,?r ibn A?mad,Sweden,954/55,TJENGVID,321,343
933,3.026581197,?r ibn A?mad,Russia,939/40,MUROM,321,328
933,3.026581197,?r ibn A?mad,Russia,939/40,MUROM,321,328
933,3.026581197,?r ibn A?mad,Russia,939/40,MUROM,321,328
933,3.026581197,?r ibn A?mad,Russia,939/40,MUROM,321,328
933,3.026581197,?r ibn A?mad,Russia,939/40,MUROM,321,328
933,3.026581197,?r ibn A?mad,Russia,939/40,MUROM,321,328
933,3.026581197,?r ibn A?mad,Russia,939/40,MUROM,321,328
933,3.026581197,?r ibn A?mad,Russia,940/41,BESEDINS,321,329
933,3.026581197,?r ibn A?mad,Russia,953/54,BOBRIK ,321,342
933,3.026581197,?r ibn A?mad,Sweden,1029,KVIENDE ,321,420
933,3.026581197,?r ibn A?mad,Sweden,953/54,KASTLÖSA,321,342
933,3.026581197,?r ibn A?mad,Sweden,963/64,BIRKA ,321,352
933,3.026581197,?r ibn A?mad,Sweden,973,BOTES/BO,321,363
933,3.026581197,?r ibn A?mad,Sweden,973,GRAUSNE,321,363
933,3.026581197,?r ibn A?mad,Sweden,975,GÅSHAGE,321,365
933,3.026581197,?r ibn A?mad,Sweden,983,BOTELS ,321,373
933,3.026581197,?r ibn A?mad,Sweden,991,ÖSTJÄDR,321,381
933,3.026581197,?r ibn A?mad,Denmark,942/43,GRISEBJER,321,331
933,3.026581197,?r ibn A?mad,Southeast Baltic,940/41,PÕLTSAM,321,329
933,3.026581197,?r ibn A?mad,Southeast Baltic,951/52,SAUE (FRI,321,340
933,3.026581197,?r ibn A?mad,Southeast Baltic,951/52,SAUE (FRI,321,340
933,3.026581197,?r ibn A?mad,Southeast Baltic,1014/15,IMMAKÜL,321,405
933/34,2.92,?r ibn A?mad,Near East,961/62,NEAR EAS,322,350
933/34,2.92,?r ibn A?mad,Sweden,1029,KVIENDE ,322,420
933/34,2.97,?r ibn A?mad,Southeast Baltic,1046/47,LEVALA ,322,438
933/34,3.16,?r ibn A?mad,Sweden,954/55,MARTILLE ,322,343
933/34,3.21,?r ibn A?mad,Sweden,957/58,HÄFFINDS,322,346
933/34,3.026581197,?r ibn A?mad,Russia,939/40,MUROM,322,328
933/34,3.026581197,?r ibn A?mad,Russia,939/40,MUROM,322,328
933/34,3.026581197,?r ibn A?mad,Russia,939/40,MUROM,322,328
933/34,3.026581197,?r ibn A?mad,Russia,939/40,MUROM,322,328
933/34,3.026581197,?r ibn A?mad,Russia,939/40,MUROM,322,328
933/34,3.026581197,?r ibn A?mad,Russia,939/40,MUROM,322,328
933/34,3.026581197,?r ibn A?mad,Russia,939/40,MUROM,322,328
933/34,3.026581197,?r ibn A?mad,Russia,939/40,MUROM,322,328
933/34,3.026581197,?r ibn A?mad,Russia,939/40,MUROM,322,328
933/34,3.026581197,?r ibn A?mad,Russia,939/40,MUROM,322,328
933/34,3.026581197,?r ibn A?mad,Russia,939/40,MUROM,322,328
933/34,3.026581197,?r ibn A?mad,Russia,939/40,MUROM,322,328
933/34,3.026581197,?r ibn A?mad,Central Asia,968/69,SAMARQ,322,358
933/34,3.026581197,?r ibn A?mad,Sweden,983,BOTELS ,322,373
933/34,3.026581197,?r ibn A?mad,Southeast Baltic,942/43,VÄÄNIKV,322,331
933/34,3.026581197,?r ibn A?mad,Southeast Baltic,954/55,KOIGI/KOI,322,343
943-954?,3.657777778,N?? ibn ?r,Sweden,1023,STIGE ,322,414
934/35,2.7,?r ibn A?mad,Sweden,991,HÄGVALD,323,381
934/35,2.82,?r ibn A?mad,Sweden,957/58,HÄFFINDS,323,346
934/35,2.88,?r ibn A?mad,Sweden,991,FÖLHAGE,323,381
934/35,2.98,?r ibn A?mad,Sweden,958/59,PAVALDS ,323,347
934/35,3.37,?r ibn A?mad,Sweden,957/58,HÄFFINDS,323,346
934/35,3.026581197,?r ibn A?mad,Russia,939/40,MUROM,323,328
934/35,3.026581197,?r ibn A?mad,Russia,939/40,MUROM,323,328
934/35,3.026581197,?r ibn A?mad,Russia,939/40,MUROM,323,328
934/35,3.026581197,?r ibn A?mad,Russia,939/40,MUROM,323,328
934/35,3.026581197,?r ibn A?mad,Russia,939/40,MUROM,323,328
934/35,3.026581197,?r ibn A?mad,Russia,939/40,MUROM,323,328
934/35,3.026581197,?r ibn A?mad,Russia,939/40,MUROM,323,328
934/35,3.026581197,?r ibn A?mad,Russia,939/40,MUROM,323,328
934/35,3.026581197,?r ibn A?mad,Russia,939/40,MUROM,323,328
934/35,3.026581197,?r ibn A?mad,Russia,939/40,MUROM,323,328
934/35,3.026581197,?r ibn A?mad,Russia,939/40,MUROM,323,328
934/35,3.026581197,?r ibn A?mad,Russia,939/40,MUROM,323,328
934/35,3.026581197,?r ibn A?mad,Russia,939/40,MUROM,323,328
934/35,3.026581197,?r ibn A?mad,Russia,939/40,MUROM,323,328
934/35,3.026581197,?r ibn A?mad,Russia,939/40,MUROM,323,328
934/35,3.026581197,?r ibn A?mad,Russia,939/40,MUROM,323,328
934/35,3.026581197,?r ibn A?mad,Russia,939/40,MUROM,323,328
934/35,3.026581197,?r ibn A?mad,Sweden,1042,ÖSTRA BY,323,434
934/35,3.026581197,?r ibn A?mad,Sweden,1042,ÖSTRA BY,323,434
934/35,3.026581197,?r ibn A?mad,Sweden,943/44,UGGÅRDS,323,332
934/35,3.026581197,?r ibn A?mad,Sweden,957/58,EKESKOGS,323,346
934/35,3.026581197,?r ibn A?mad,Sweden,963/64,BIRKA ,323,352
934/35,3.026581197,?r ibn A?mad,Sweden,976/77,ÖVIDE/U,323,366
934/35,3.026581197,?r ibn A?mad,Sweden,991,HÄGVALD,323,381
934/35,3.026581197,?r ibn A?mad,Sweden,991,SNÄCKAR,323,381
934/35,3.026581197,?r ibn A?mad,Southeast Baltic,947/48,MÄKSA (,323,336
934/35,3.026581197,?r ibn A?mad,Southeast Baltic,951/52,SAUE (FRI,323,340
934/35,3.026581197,?r ibn A?mad,Southeast Baltic,951/52,SAUE (FRI,323,340
934/35,3.026581197,?r ibn A?mad,Southeast Baltic,952/53,KUSCHKE/,323,341
934/935,3.026581197,?r ibn A?mad,Sweden,961/62,BJÄRS/BJE,323,350
934-940,3.026581197,?r ibn A?mad,Russia,955/56,PINSK,323,344
934-940,3.026581197,?r ibn A?mad,Russia,955/56,PINSK,323,344
934-940,3.026581197,?r ibn A?mad,Russia,955/56,PINSK,323,344
934-940,3.026581197,?r ibn A?mad,Russia,955/56,PINSK,323,344
934-940,3.026581197,?r ibn A?mad,Sweden,952/53,TUER ,323,341
935/36,2.54,?r ibn A?mad,Sweden,958/59,PAVALDS ,324,347
935/36,2.66,?r ibn A?mad,Sweden,952/53,TUER ,324,341
935/36,2.77,?r ibn A?mad,Sweden,991,HÄGVALD,324,381
935/36,2.77,?r ibn A?mad,Southeast Baltic,945/46,V LAIKIAI ,324,334
935/36,2.79,?r ibn A?mad,Sweden,1017,EKESKOGS,324,408
935/36,2.8,?r ibn A?mad,Sweden,976/77,ÖVIDE/U,324,366
935/36,3.026581197,?r ibn A?mad,Sweden,950/60,BUTERS ,324,339
935/36,3.026581197,?r ibn A?mad,Sweden,961/62,RUMS ,324,350
935/36,3.026581197,?r ibn A?mad,Sweden,961/62,BJÄRS/BJE,324,350
935/36,3.026581197,?r ibn A?mad,Sweden,961/62,BJÄRS/BJE,324,350
935/36,3.026581197,?r ibn A?mad,Sweden,961/62,BJÄRS/BJE,324,350
935/36,3.026581197,?r ibn A?mad,Sweden,963/64,LILLA VIKE,324,352
935/36,3.026581197,?r ibn A?mad,Sweden,973,BOTES/BO,324,363
935/36,3.026581197,?r ibn A?mad,Sweden,976/77,FÅGELSÅ,324,366
935/36,3.026581197,?r ibn A?mad,Sweden,983,BOTELS ,324,373
935/36,3.026581197,?r ibn A?mad,Sweden,991,FÖLHAGE,324,381
935/36,3.026581197,?r ibn A?mad,Sweden,991,FÖLHAGE,324,381
935/36,3.026581197,?r ibn A?mad,Sweden,991,HÄGVALD,324,381
935/36,3.026581197,?r ibn A?mad,Sweden,991,HÄGVALD,324,381
935/36,3.026581197,?r ibn A?mad,Sweden,991,BROA ,324,381
935/36,3.026581197,?r ibn A?mad,Sweden,991,ÖSTJÄDR,324,381
935/36,3.026581197,?r ibn A?mad,Sweden,991,ÖSTJÄDR,324,381
935/36,3.026581197,?r ibn A?mad,Sweden,991,ÖSTJÄDR,324,381
935/36,3.026581197,?r ibn A?mad,Sweden,991,SNÄCKAR,324,381
935/36,3.026581197,?r ibn A?mad,Sweden,991,SNÄCKAR,324,381
935/36,3.026581197,?r ibn A?mad,Sweden,991,SNÄCKAR,324,381
935/36,3.026581197,?r ibn A?mad,Sweden,994,KVARNE (,324,384
935/36,3.026581197,?r ibn A?mad,Sweden,994,KVARNE (,324,384
935/36,3.026581197,?r ibn A?mad,Denmark,960,TERSLEV ,324,349
935/36,3.026581197,?r ibn A?mad,Southeast Baltic,942/43,VÄÄNIKV,324,331
935/36,3.026581197,?r ibn A?mad,Southeast Baltic,947/48,MÄKSA (,324,336
935/36,3.026581197,?r ibn A?mad,Southeast Baltic,951/52,SAUE (FRI,324,340
935/36,3.026581197,?r ibn A?mad,Southeast Baltic,951/52,SAUE (FRI,324,340
935/36,3.026581197,?r ibn A?mad,Southeast Baltic,951/52,SAUE (FRI,324,340
935/36,3.026581197,?r ibn A?mad,Southeast Baltic,951/52,SAUE (FRI,324,340
935/36,3.026581197,?r ibn A?mad,Southeast Baltic,969/70,VARA (W,324,359
935/36,3.026581197,?r ibn A?mad,Southeast Baltic,977/78,ERRA-LIIV,324,367
935/36,3.026581197,?r ibn A?mad,Southeast Baltic,977/78,ERRA-LIIV,324,367
935/36,3.026581197,?r ibn A?mad,Southeast Baltic,1056/57,LEMALSN,324,449
936/37,2.7,?r ibn A?mad,Sweden,964/65,SMEDBY ,325,353
936/37,2.84,?r ibn A?mad,Sweden,954/55,YXNARUM,325,343
936/37,3.15,?r ibn A?mad,Sweden,954/55,HERMING,325,343
936/37,3.21,?r ibn A?mad,Sweden,1053,SIGSARVE ,325,445
936/37,3.21,?r ibn A?mad,Sweden,972/73,BRYOR ,325,362
936/37,3.35,?r ibn A?mad,Sweden,955/56,KVIBILLE ,325,344
936/37,3.026581197,?r ibn A?mad,Russia,939/40,MUROM,325,328
936/37,3.026581197,?r ibn A?mad,Russia,939/40,MUROM,325,328
936/37,3.026581197,?r ibn A?mad,Russia,939/40,MUROM,325,328
936/37,3.026581197,?r ibn A?mad,Russia,939/40,MUROM,325,328
936/37,3.026581197,?r ibn A?mad,Russia,939/40,MUROM,325,328
936/37,3.026581197,?r ibn A?mad,Russia,939/40,MUROM,325,328
936/37,3.026581197,?r ibn A?mad,Russia,939/40,MUROM,325,328
936/37,3.026581197,?r ibn A?mad,Russia,939/40,MUROM,325,328
936/37,3.026581197,?r ibn A?mad,Russia,939/40,MUROM,325,328
936/37,3.026581197,?r ibn A?mad,Russia,939/40,MUROM,325,328
936/37,3.026581197,?r ibn A?mad,Russia,953/54,BOBRIK ,325,342
936/37,3.026581197,?r ibn A?mad,Sweden,958/59,EKETORP ,325,347
936/37,3.026581197,?r ibn A?mad,Sweden,969/70,MANNEG,325,359
936/37,3.026581197,?r ibn A?mad,Sweden,973,BOTES/BO,325,363
936/37,3.026581197,?r ibn A?mad,Sweden,991,SNÄCKAR,325,381
936/37,3.026581197,?r ibn A?mad,Sweden,991,SNÄCKAR,325,381
936/37,3.026581197,?r ibn A?mad,Southeast Baltic,942/43,VÄÄNIKV,325,331
936/37,3.026581197,?r ibn A?mad,Southeast Baltic,947/48,MÄKSA (,325,336
936/37,3.026581197,?r ibn A?mad,Southeast Baltic,951/52,SAUE (FRI,325,340
937/38,3.026581197,?r ibn A?mad,Russia,939/40,MUROM,326,328
937/38,3.026581197,?r ibn A?mad,Sweden,963/64,BIRKA ,326,352
937/38,3.026581197,?r ibn A?mad,Sweden,991,SNÄCKAR,326,381
937/38,3.026581197,?r ibn A?mad,Sweden,991,SNÄCKAR,326,381
937/38,3.026581197,?r ibn A?mad,Southeast Baltic,964/65,METSAKÜ,326,353
938/39,3.026581197,?r ibn A?mad,Sweden,953/54,KASTLÖSA,327,342
938/39,3.026581197,?r ibn A?mad,Denmark,960,TERSLEV ,327,349
939/40,2.25,?r ibn A?mad,Near East,961/62,NEAR EAS,328,350
939/40,2.4,?r ibn A?mad,Sweden,991,HÄGVALD,328,381
939/40,2.51,?r ibn A?mad,Sweden,997,HÄGDARV,328,397
939/40,2.72,?r ibn A?mad,Sweden,955/56,BURGE ,328,344
939/40,2.8,?r ibn A?mad,Sweden,958/59,RONDARV,328,347
939/40,2.97,?r ibn A?mad,Sweden,976/77,ÖVIDE/U,328,366
939/40,3.15,?r ibn A?mad,Sweden,1053,SIGSARVE ,328,445
939/40,3.026581197,?r ibn A?mad,Russia,939/40,MUROM,328,328
939/40,3.026581197,?r ibn A?mad,Russia,939/40,MUROM,328,328
939/40,3.026581197,?r ibn A?mad,Russia,939/40,MUROM,328,328
939/40,3.026581197,?r ibn A?mad,Russia,939/40,MUROM,328,328
939/40,3.026581197,?r ibn A?mad,Sweden,1042,ÖSTRA BY,328,434
939/40,3.026581197,?r ibn A?mad,Sweden,953/54,KASTLÖSA,328,342
939/40,3.026581197,?r ibn A?mad,Sweden,953/54,KASTLÖSA,328,342
939/40,3.026581197,?r ibn A?mad,Sweden,961/62,RUMS ,328,350
939/40,3.026581197,?r ibn A?mad,Sweden,964/65,SMEDBY ,328,353
939/40,3.026581197,?r ibn A?mad,Sweden,969/70,MANNEG,328,359
939/40,3.026581197,?r ibn A?mad,Sweden,973,BOTES/BO,328,363
939/40,3.026581197,?r ibn A?mad,Sweden,991,FÖLHAGE,328,381
939/40,3.026581197,?r ibn A?mad,Sweden,991,ÖSTJÄDR,328,381
939/40,3.026581197,?r ibn A?mad,Sweden,991,ÖSTJÄDR,328,381
939/40,3.026581197,?r ibn A?mad,Germany,976/77,WATERNE,328,366
939/40,3.026581197,?r ibn A?mad,Southeast Baltic,940/41,PÕLTSAM,328,329
939/40,3.026581197,?r ibn A?mad,Southeast Baltic,947/48,MÄKSA (,328,336
939/40,3.026581197,?r ibn A?mad,Southeast Baltic,951/52,WESNERS,328,340
939/40,3.026581197,?r ibn A?mad,Southeast Baltic,951/52,SAUE (FRI,328,340
940/41,2.94,?r ibn A?mad,Sweden,994,KVARNE (,329,384
940/41,3.026581197,?r ibn A?mad,Sweden,953/54,KASTLÖSA,329,342
940/41,3.026581197,?r ibn A?mad,Southeast Baltic,954/55,KOIGI/KOI,329,343
940/41,3.026581197,?r ibn A?mad,Southeast Baltic,1009/10,PAUNKÜL,329,400
940-942,3.026581197,?r ibn A?mad,Russia,955/56,PINSK,329,344
941/42,2.9,?r ibn A?mad,Sweden,976/77,ÖVIDE/U,330,366
941/42,3.22,?r ibn A?mad,Sweden,994,KVARNE (,330,384
941/42,3.026581197,?r ibn A?mad,Russia,953/54,TSIMLIAN,330,342
941/42,3.026581197,?r ibn A?mad,Sweden,953/54,KASTLÖSA,330,342
941/42,3.026581197,?r ibn A?mad,Sweden,950/60,BUTERS ,330,339
941/42,3.026581197,?r ibn A?mad,Sweden,991,HÄGVALD,330,381
941/42,3.026581197,?r ibn A?mad,Southeast Baltic,951/52,SAUE (FRI,330,340
942/43,3.657777778,N?? ibn ?r,Near East,958/59,SOMEWH,331,347
942/43,2.4,?r ibn A?mad,Sweden,975,GÅSHAGE,331,365
942/43,3.026581197,?r ibn A?mad,Sweden,957/58,STORA VE,331,346
943/44,2.92,N?? ibn ?r,Sweden,991,HÄGVALD,332,381
943/44,3.657777778,N?? ibn ?r,Russia,1068,DEMSHIN,332,461
943/44,3.657777778,N?? ibn ?r,Sweden,953/54,SKÄLHOR,332,342
943/44,3.657777778,N?? ibn ?r,Sweden,964/65,SMEDBY ,332,353
943/44,3.657777778,N?? ibn ?r,Southeast Baltic,947/48,MÄKSA (,332,336
944/45,3.61,N?? ibn ?r,Near East,961/62,NEAR EAS,333,350
944/45,3.657777778,N?? ibn ?r,Sweden,964/65,SMEDBY ,333,353
944/45,3.657777778,N?? ibn ?r,Sweden,973,GRAUSNE,333,363
944/45,3.657777778,N?? ibn ?r,Germany,976/77,WATERNE,333,366
944/45,3.657777778,N?? ibn ?r,Poland,976,ZALESIE ,333,366
946/47,3.657777778,N?? ibn ?r,Sweden,953/54,KASTLÖSA,335,342
946/47,3.657777778,N?? ibn ?r,Sweden,983,BOTELS ,335,373
946/47,2.85,Ibr?h?m ibn A?mad ,Southeast Baltic,1066/67,MAIDLA ,335,458
946/47,2.97,Ibr?h?m ibn A?mad ,Russia,1075,KOLODEZI ,335,468
947/48,3.657777778,N?? ibn ?r,Sweden,953/54,KASTLÖSA,336,342
947/48,3.657777778,N?? ibn ?r,Southeast Baltic,1002/03,PEUTH/KL,336,393
948/49,3.657777778,N?? ibn ?r,Russia,953/54,BOBRIK ,337,342
949/50,3.01,N?? ibn ?r,Sweden,957/58,HÄFFINDS,338,346
950/51,3.657777778,N?? ibn ?r,Russia,954/55,BOL’SHOI,339,343
950/51,3.657777778,N?? ibn ?r,Sweden,1039,KARLS ,339,431
950/51,3.657777778,N?? ibn ?r,Sweden,953/54,KASTLÖSA,339,342
950/51,3.657777778,N?? ibn ?r,Sweden,954/55,STORA TU,339,343
950/51,3.657777778,N?? ibn ?r,Sweden,971/72,UGGÅRDS,339,361
950/51,3.657777778,N?? ibn ?r,Sweden,973/74,LILLA RON,339,363
951/52,3.26,N?? ibn ?r,Russia,971/72,NOVGOR,340,361
951/52,3.657777778,N?? ibn ?r,Near East,958/59,SOMEWH,340,347
951/52,3.657777778,N?? ibn ?r,Sweden,975,GÅSHAGE,340,365
951/52,3.657777778,N?? ibn ?r,Sweden,978,SIGTERS (L,340,368
952/53,2.98,N?? ibn ?r,Russia,971/72,NOVGOR,341,361
952/53,3.71,N?? ibn ?r,Southeast Baltic,979,KEHRA,341,369
952/53,5.68,N?? ibn ?r,Near East,961/62,NEAR EAS,341,350
952/53,3.657777778,N?? ibn ?r,Near East,965/66,EASTERN I,341,355
952/53,3.657777778,N?? ibn ?r,Sweden,953/54,KASTLÖSA,341,342
952/53,3.657777778,N?? ibn ?r,Sweden,983,BOTELS ,341,373
952/53,3.657777778,N?? ibn ?r,Sweden,983,BOTELS ,341,373
952/53,3.657777778,N?? ibn ?r,Sweden,983,BOTELS ,341,373
953/54,3.78,N?? ibn ?r,Sweden,957/58,STORA VE,342,346
954/55,3.97,N?? ibn ?r,Sweden,957/58,LUNDS ,343,346
976-997,4.636,N?? ibn Man??r,Russia,1008/09,DENISY ,366,399
976-997,4.636,N?? ibn Man??r,Russia,1008/09,DENISY ,366,399
976-997,4.636,N?? ibn Man??r,Russia,1008/09,DENISY ,366,399
976-997,4.636,N?? ibn Man??r,Russia,1008/09,DENISY ,366,399
980/81,6.67,N?? ibn Man??r,Russia,1008/09,KRESHCHE,370,399
980/81,6.9,N?? ibn Man??r,Russia,1008/09,KRESHCHE,370,399
982/83,2.58,N?? ibn Man??r,Russia,1008/09,KRESHCHE,372,399
983/84,4.636,N?? ibn Man??r,Russia,1008/09,DENISY ,373,399
984/85,3.39,N?? ibn Man??r,Russia,1008/09,KRESHCHE,374,399
984/85,4.636,N?? ibn Man??r,Russia,988/89,KUZNECHI,374,378
984/85,4.636,N?? ibn Man??r,Russia,1008/09,DENISY ,374,399
985/86,3.64,N?? ibn Man??r,Russia,1075,KOLODEZI ,375,468
985/86,4.636,N?? ibn Man??r,Russia,1008/09,DENISY ,375,399
985/86,4.636,N?? ibn Man??r,Russia,1068,DEMSHIN,375,461
986/87,4.636,N?? ibn Man??r,Russia,986/87,KRASNAIA,376,376
986/87,4.636,N?? ibn Man??r,Russia,988/89,KUZNECHI,376,378
986/87,4.636,N?? ibn Man??r,Russia,1008/09,DENISY ,376,399
986/87,4.636,N?? ibn Man??r,Southeast Baltic,986/87,KRASNAI,376,376
987/88,4.636,N?? ibn Man??r,Russia,1008/09,DENISY ,377,399
996/97,4.636,N?? ibn Man??r,Near East,997/98,SOMEWH,386,387
996/97,4.636,N?? ibn Man??r,Near East,997/98,SOMEWH,386,387
996/97,4.636,N?? ibn Man??r,Near East,997/98,SOMEWH,386,387
996/97,4.636,N?? ibn Man??r,Near East,997/98,SOMEWH,386,387
996/97,4.636,N?? ibn Man??r,Near East,997/98,SOMEWH,386,387
996/97,4.636,N?? ibn Man??r,Near East,997/98,SOMEWH,386,387
996/97,4.636,N?? ibn Man??r,Near East,997/98,SOMEWH,386,387
996/97,4.636,N?? ibn Man??r,Near East,997/98,SOMEWH,386,387
996/97,4.636,N?? ibn Man??r,Near East,997/98,SOMEWH,386,387
996/97,4.636,N?? ibn Man??r,Near East,997/98,SOMEWH,386,387
996/97,4.636,N?? ibn Man??r,Near East,997/98,SOMEWH,386,387
996/97,4.636,N?? ibn Man??r,Near East,997/98,SOMEWH,386,387
996/97,4.636,N?? ibn Man??r,Near East,997/98,SOMEWH,386,387
996/97,4.636,N?? ibn Man??r,Near East,997/98,SOMEWH,386,387
996/97,4.636,N?? ibn Man??r,Near East,997/98,SOMEWH,386,387
996/97,4.636,N?? ibn Man??r,Near East,997/98,SOMEWH,386,387
996/97,4.636,N?? ibn Man??r,Near East,997/98,SOMEWH,386,387
996/97,4.636,N?? ibn Man??r,Near East,997/98,SOMEWH,386,387
996/97,4.636,N?? ibn Man??r,Near East,997/98,SOMEWH,386,387
996/97,4.636,N?? ibn Man??r,Near East,997/98,SOMEWH,386,387
996/97,4.636,N?? ibn Man??r,Near East,997/98,SOMEWH,386,387
996/97,4.636,N?? ibn Man??r,Near East,997/98,SOMEWH,386,387
996/97,4.636,N?? ibn Man??r,Near East,997/98,SOMEWH,386,387
996/97,4.636,N?? ibn Man??r,Near East,997/98,SOMEWH,386,387
996/97,4.636,N?? ibn Man??r,Near East,997/98,SOMEWH,386,387
996/97,4.636,N?? ibn Man??r,Near East,997/98,SOMEWH,386,387
996/97,4.636,N?? ibn Man??r,Near East,997/98,SOMEWH,386,387
996/97,4.636,N?? ibn Man??r,Near East,997/98,SOMEWH,386,387
996/97,4.636,N?? ibn Man??r,Near East,997/98,SOMEWH,386,387
996/97,4.636,N?? ibn Man??r,Near East,997/98,SOMEWH,386,387
996/97,4.636,N?? ibn Man??r,Near East,997/98,SOMEWH,386,387
996/97,4.636,N?? ibn Man??r,Near East,997/98,SOMEWH,386,387
996/97,4.636,N?? ibn Man??r,Near East,997/98,SOMEWH,386,387
996/97,4.636,N?? ibn Man??r,Near East,997/98,SOMEWH,386,387
996/97,4.636,N?? ibn Man??r,Near East,997/98,SOMEWH,386,387
996/97,4.636,N?? ibn Man??r,Near East,997/98,SOMEWH,386,387
996/97,4.636,N?? ibn Man??r,Near East,997/98,SOMEWH,386,387
996/97,4.636,N?? ibn Man??r,Near East,997/98,SOMEWH,386,387
996/97,4.636,N?? ibn Man??r,Near East,997/98,SOMEWH,386,387
996/97,4.636,N?? ibn Man??r,Near East,997/98,SOMEWH,386,387
996/97,4.636,N?? ibn Man??r,Near East,997/98,SOMEWH,386,387
996/97,4.636,N?? ibn Man??r,Near East,997/98,SOMEWH,386,387
996/97,4.636,N?? ibn Man??r,Near East,997/98,SOMEWH,386,387
996/97,4.636,N?? ibn Man??r,Near East,997/98,SOMEWH,386,387
996/97,4.636,N?? ibn Man??r,Near East,997/98,SOMEWH,386,387
996/97,4.636,N?? ibn Man??r,Near East,997/98,SOMEWH,386,387
996/97,4.636,N?? ibn Man??r,Near East,997/98,SOMEWH,386,387
996/97,4.636,N?? ibn Man??r,Near East,997/98,SOMEWH,386,387
996/97,4.636,N?? ibn Man??r,Near East,997/98,SOMEWH,386,387
996/97,4.636,N?? ibn Man??r,Near East,997/98,SOMEWH,386,387
996/97,4.636,N?? ibn Man??r,Near East,997/98,SOMEWH,386,387
996/97,4.636,N?? ibn Man??r,Near East,997/98,SOMEWH,386,387
996/97,4.636,N?? ibn Man??r,Near East,997/98,SOMEWH,386,387
996/97,4.636,N?? ibn Man??r,Near East,997/98,SOMEWH,386,387
996/97,4.636,N?? ibn Man??r,Near East,997/98,SOMEWH,386,387
996/97,4.636,N?? ibn Man??r,Near East,997/98,SOMEWH,386,387
996/97,4.636,N?? ibn Man??r,Near East,997/98,SOMEWH,386,387
996/97,4.636,N?? ibn Man??r,Near East,997/98,SOMEWH,386,387
996/97,4.636,N?? ibn Man??r,Near East,997/98,SOMEWH,386,387
996/97,4.636,N?? ibn Man??r,Near East,997/98,SOMEWH,386,387
996/97,4.636,N?? ibn Man??r,Near East,997/98,SOMEWH,386,387
996/97,4.636,N?? ibn Man??r,Near East,997/98,SOMEWH,386,387
996/97,4.636,N?? ibn Man??r,Near East,997/98,SOMEWH,386,387
996/97,4.636,N?? ibn Man??r,Near East,997/98,SOMEWH,386,387
996/97,4.636,N?? ibn Man??r,Near East,997/98,SOMEWH,386,387
996/97,4.636,N?? ibn Man??r,Near East,997/98,SOMEWH,386,387
996/97,4.636,N?? ibn Man??r,Near East,997/98,SOMEWH,386,387
996/97,4.636,N?? ibn Man??r,Near East,997/98,SOMEWH,386,387
996/97,4.636,N?? ibn Man??r,Near East,997/98,SOMEWH,386,387
996/97,4.636,N?? ibn Man??r,Near East,997/98,SOMEWH,386,387
996/97,4.636,N?? ibn Man??r,Near East,997/98,SOMEWH,386,387
996/97,4.636,N?? ibn Man??r,Near East,997/98,SOMEWH,386,387
996/97,4.636,N?? ibn Man??r,Near East,997/98,SOMEWH,386,387
996/97,4.636,N?? ibn Man??r,Near East,997/98,SOMEWH,386,387
996/97,4.636,N?? ibn Man??r,Near East,997/98,SOMEWH,386,387
996/97,4.636,N?? ibn Man??r,Near East,997/98,SOMEWH,386,387
996/97,4.636,N?? ibn Man??r,Near East,997/98,SOMEWH,386,387
996/97,4.636,N?? ibn Man??r,Near East,997/98,SOMEWH,386,387
996/97,4.636,N?? ibn Man??r,Near East,997/98,SOMEWH,386,387
996/97,4.636,N?? ibn Man??r,Near East,997/98,SOMEWH,386,387
996/97,4.636,N?? ibn Man??r,Near East,997/98,SOMEWH,386,387
996/97,4.636,N?? ibn Man??r,Near East,997/98,SOMEWH,386,387
997/98,4.636,N?? ibn Man??r,Near East,997/98,SOMEWH,387,387
997/98,4.636,N?? ibn Man??r,Near East,997/98,SOMEWH,387,387
997/98,4.636,N?? ibn Man??r,Near East,997/98,SOMEWH,387,387
997/98,4.636,N?? ibn Man??r,Near East,997/98,SOMEWH,387,387
997/98,4.636,N?? ibn Man??r,Near East,997/98,SOMEWH,387,387
997/98,4.636,N?? ibn Man??r,Near East,997/98,SOMEWH,387,387
997/98,4.636,N?? ibn Man??r,Near East,997/98,SOMEWH,387,387
997/98,4.636,N?? ibn Man??r,Near East,997/98,SOMEWH,387,387
997/98,4.636,N?? ibn Man??r,Near East,997/98,SOMEWH,387,387
997/98,4.636,N?? ibn Man??r,Near East,997/98,SOMEWH,387,387
997/98,4.636,N?? ibn Man??r,Near East,997/98,SOMEWH,387,387
997/98,4.636,N?? ibn Man??r,Near East,997/98,SOMEWH,387,387
997/98,4.636,N?? ibn Man??r,Near East,997/98,SOMEWH,387,387
997/98,4.636,N?? ibn Man??r,Near East,997/98,SOMEWH,387,387
997/98,4.636,N?? ibn Man??r,Near East,997/98,SOMEWH,387,387
997/98,4.636,N?? ibn Man??r,Near East,997/98,SOMEWH,387,387
997/98,4.636,N?? ibn Man??r,Near East,997/98,SOMEWH,387,387
997/98,4.636,N?? ibn Man??r,Near East,997/98,SOMEWH,387,387
997/98,4.636,N?? ibn Man??r,Near East,997/98,SOMEWH,387,387
997/98,4.636,N?? ibn Man??r,Near East,997/98,SOMEWH,387,387
997/98,4.636,N?? ibn Man??r,Near East,997/98,SOMEWH,387,387
997/98,4.636,N?? ibn Man??r,Near East,997/98,SOMEWH,387,387
997/98,4.636,N?? ibn Man??r,Near East,997/98,SOMEWH,387,387
997/98,4.636,N?? ibn Man??r,Near East,997/98,SOMEWH,387,387
997/98,4.636,N?? ibn Man??r,Near East,997/98,SOMEWH,387,387
997/98,4.636,N?? ibn Man??r,Near East,997/98,SOMEWH,387,387
997/98,4.636,N?? ibn Man??r,Near East,997/98,SOMEWH,387,387
997/98,4.636,N?? ibn Man??r,Near East,997/98,SOMEWH,387,387
997/98,4.636,N?? ibn Man??r,Near East,997/98,SOMEWH,387,387
997/98,4.636,N?? ibn Man??r,Near East,997/98,SOMEWH,387,387
